date,carbune,consum,hidro,hidrocarburi,nuclear,eolian,productie,fotovolt,biomasa,sold
2018-04-12,1098,6914,2796,548,1353,210,6881,846,29,34
2018-04-12,1252,6906,2944,541,1388,398,6570,14,33,336
2018-04-13,1188,5624,2527,534,1389,275,5942,0,28,-318
2018-04-13,1473,7040,3326,499,1401,310,7223,185,29,-183
2018-04-13,1235,6690,2962,478,1382,295,7099,719,27,-409
2018-04-13,1498,7424,3324,497,1401,558,7308,2,29,116
2018-04-14,1403,5490,2438,472,1406,268,6015,0,28,-526
2018-04-14,1401,6536,2811,465,1401,38,6593,451,27,-57
2018-04-14,1352,6190,2781,464,1406,281,7002,690,28,-812
2018-04-14,1500,6943,3386,496,1404,523,7337,0,29,-394
2018-04-15,1280,5194,2459,485,1399,331,5979,-1,25,-785
2018-04-15,1423,5809,2800,462,1409,365,6907,422,26,-1098
2018-04-15,1194,5702,2369,473,1407,1016,6768,284,25,-1066
2018-04-15,1166,5887,2510,476,1407,1348,6931,0,25,-1043
2018-04-16,1125,5436,2262,479,1397,1061,6349,0,25,-912
2018-04-16,1190,7012,2873,451,1340,1369,7702,452,26,-690
2018-04-16,1340,6876,3192,454,1369,1042,7528,103,28,-652
2018-04-17,1137,5912,2776,432,1383,1013,6769,0,29,-857
2018-04-17,1254,6232,2387,422,1404,1083,6579,0,28,-347
2018-04-17,1554,7225,3384,422,1387,279,7418,363,30,-193
2018-04-17,1561,7330,3611,360,1403,541,7511,3,32,-181
2018-04-18,1561,5682,2585,359,1401,94,6032,0,33,-350
2018-04-18,1633,7143,3170,433,1402,247,6962,48,30,181
2018-04-18,1263,6895,2950,416,1351,301,6865,552,31,30
2018-04-18,1775,7771,3643,466,1394,605,7912,0,30,-141
2018-04-19,1135,5681,2471,409,1399,1168,6611,0,30,-930
2018-04-19,1250,7134,2408,407,1405,1891,7780,386,33,-646
2018-04-19,932,6855,2847,407,1378,1609,7848,643,33,-993
2018-04-19,1259,7178,3621,445,1399,1276,8034,0,34,-856
2018-04-20,904,5460,2391,400,1399,1623,6748,0,30,-1288
2018-04-20,936,7042,2978,397,1362,1930,8326,695,30,-1284
2018-04-20,929,6706,2829,400,1334,2053,7984,408,32,-1278
2018-04-20,997,6361,2936,408,1380,1716,7466,-1,30,-1105
2018-04-21,1263,5706,3183,418,1386,751,7031,-1,31,-1325
2018-04-21,1176,6552,2926,422,1393,108,6870,824,21,-319
2018-04-21,1015,6201,2673,399,1395,630,6382,249,21,-181
2018-04-22,905,5679,2423,389,1391,1900,7026,0,17,-1347
2018-04-22,1046,5099,2484,402,1384,1130,6467,5,16,-1367
2018-04-22,1053,5620,2733,395,1403,163,6628,864,18,-1008
2018-04-22,1025,5798,2696,370,1411,621,6172,30,19,-374
2018-04-23,933,4981,2500,390,1399,435,5671,0,15,-690
2018-04-23,1168,6598,2871,401,1402,279,6302,161,20,295
2018-04-23,1017,6811,3051,403,1318,3,6576,764,20,236
2018-04-23,1272,7380,2869,422,1387,1150,7120,0,21,260
2018-04-24,1027,5481,2633,396,1400,936,6414,0,23,-932
2018-04-24,1316,7126,3073,412,1377,539,7109,369,22,17
2018-04-24,1430,7065,3377,423,1375,37,7232,565,25,-167
2018-04-24,1298,7331,3347,448,1383,298,6795,0,22,536
2018-04-25,1218,5506,2716,406,1394,344,6099,-1,22,-594
2018-04-25,1281,7040,2935,367,1379,41,6687,660,24,353
2018-04-25,1354,6777,3072,428,1361,125,6913,550,24,-137
2018-04-25,1575,6449,2714,414,1385,629,6739,0,22,-290
2018-04-26,1310,5598,2526,389,1396,227,5868,-1,20,-269
2018-04-26,1353,7015,2836,393,1371,-20,6729,771,24,286
2018-04-26,1409,6826,3269,412,1327,522,7208,246,25,-382
2018-04-27,1146,5647,2442,389,1390,1098,6486,-1,21,-840
2018-04-27,1301,6631,2992,384,1394,580,6720,48,22,-89
2018-04-27,1294,6922,2811,390,1364,1178,7817,757,23,-895
2018-04-27,1494,7025,2878,442,1386,454,6679,0,24,346
2018-04-28,1404,5448,2671,427,1393,153,6072,-1,26,-624
2018-04-28,1476,6310,2498,424,1400,283,6446,332,33,-136
2018-04-28,1321,6086,2486,410,1395,573,6974,757,31,-888
2018-04-28,1594,7149,2463,416,1400,937,6843,-1,33,307
2018-04-29,1004,5165,2345,403,1398,795,5974,-1,30,-809
2018-04-29,1026,5559,2540,425,1401,425,6444,600,26,-885
2018-04-29,975,5417,2338,387,1395,607,6351,624,25,-934
2018-04-29,1041,5934,2679,402,1398,790,6337,-1,27,-402
2018-04-30,857,5076,2211,395,1397,542,5430,-1,29,-354
2018-04-30,842,6349,2597,416,1393,666,6693,748,30,-344
2018-04-30,855,6401,2837,423,1394,808,6710,364,30,-309
2018-04-30,1014,5792,2172,406,1401,786,5806,-1,28,-14
2018-05-01,823,5068,1899,398,1393,185,4726,0,27,342
2018-05-01,922,6023,2405,395,1402,480,6407,779,26,-384
2018-05-01,1241,5980,2589,405,1392,265,6042,122,27,-61
2018-05-02,1280,5145,2206,399,1390,279,5577,-1,23,-432
2018-05-02,1457,6297,2532,541,1392,35,6046,63,26,251
2018-05-02,1560,6873,2767,628,695,398,6924,846,31,-51
2018-05-02,1657,6974,2912,885,694,457,6650,13,32,324
2018-05-03,1429,5480,2272,682,702,207,5321,-1,29,159
2018-05-03,1674,6994,2863,752,702,230,6580,326,32,414
2018-05-03,1480,6858,2782,872,676,475,7059,739,34,-201
2018-05-03,1735,7410,3147,912,704,265,6794,0,32,616
2018-05-04,1482,5384,2115,685,703,95,5113,0,34,271
2018-05-04,1605,6953,2532,854,702,95,6441,619,34,512
2018-05-04,1565,6932,2771,871,702,134,6637,560,35,296
2018-05-04,1574,6692,2623,876,704,1,5813,0,35,879
2018-05-05,1373,5440,2287,477,701,62,4936,0,36,504
2018-05-05,1633,6609,2478,895,704,89,6612,780,33,-3
2018-05-05,1578,6347,2555,865,704,280,6276,263,32,70
2018-05-06,1454,5781,2347,727,699,366,5624,0,32,157
2018-05-06,1181,4873,1796,475,703,1208,5403,7,33,-530
2018-05-06,1210,5727,2120,466,702,1366,6639,745,30,-912
2018-05-06,1355,5794,2401,481,701,1070,6118,82,29,-324
2018-05-07,999,4960,1566,383,701,2173,5849,0,27,-889
2018-05-07,1195,6550,2633,399,700,2249,7323,118,29,-773
2018-05-07,1195,6978,2176,401,686,2444,7668,731,35,-690
2018-05-07,1225,7061,2336,411,698,2229,6949,13,36,112
2018-05-08,1313,5435,1543,386,700,2171,6145,-1,33,-710
2018-05-08,1510,6940,2266,386,699,1790,7040,352,36,-100
2018-05-08,1554,7023,2632,497,694,880,6815,522,37,208
2018-05-08,1713,7388,2870,522,701,430,6273,0,37,1115
2018-05-09,1358,5316,2089,462,701,294,4929,0,26,387
2018-05-09,1579,7032,2683,497,704,359,6283,425,37,749
2018-05-09,1492,6797,2868,478,697,612,6397,213,38,399
2018-05-09,1449,5857,2094,467,701,1020,5767,-1,35,91
2018-05-10,1203,5649,1795,468,700,1144,5345,0,33,304
2018-05-10,1365,6948,2133,495,684,1535,6739,495,33,209
2018-05-10,1441,6784,2723,485,691,552,6034,109,34,750
2018-05-11,1458,5551,2064,481,700,392,5127,0,32,424
2018-05-11,1310,6540,2641,487,702,954,6225,100,32,314
2018-05-11,1383,7017,2948,483,692,1020,7169,608,36,-152
2018-05-11,1454,6857,2630,488,699,855,6171,8,38,687
2018-05-12,1560,5361,2259,466,699,84,5099,-1,32,262
2018-05-12,1485,6322,2226,484,701,286,5516,299,34,806
2018-05-12,1397,6105,2204,490,698,143,5621,660,30,484
2018-05-12,1699,6912,2771,510,700,257,5967,0,30,945
2018-05-13,1334,5043,1999,464,704,1118,5645,0,27,-602
2018-05-13,1376,5437,1888,485,704,171,5252,597,30,185
2018-05-13,1267,5635,1379,476,704,985,5291,449,30,344
2018-05-13,1471,5890,1968,486,703,620,5277,0,29,613
2018-05-14,1318,5142,2068,471,708,372,4965,0,27,177
2018-05-14,1704,6931,3046,513,662,710,7196,527,33,-265
2018-05-14,1624,6615,2699,507,661,1346,7097,225,35,-482
2018-05-14,1509,5943,2273,486,699,1245,6245,0,34,-302
2018-05-15,1279,5652,1852,474,698,1313,5660,3,40,-7
2018-05-15,1604,7123,2717,509,695,1737,7844,542,41,-721
2018-05-15,1651,6965,2506,503,700,1738,7227,88,42,-262
2018-05-16,1424,5612,2222,464,700,1657,6504,-1,37,-892
2018-05-16,1533,6717,2711,597,700,1790,7439,72,35,-722
2018-05-16,1571,7141,2826,891,699,614,7321,677,43,-180
2018-05-16,1650,6980,2618,896,699,337,6258,13,44,722
2018-05-17,1510,5371,2148,489,698,174,5057,-1,39,314
2018-05-17,1667,6853,2235,738,692,245,5843,220,45,1010
2018-05-17,1712,6691,2280,886,667,329,6438,520,45,253
2018-05-17,1736,7298,2882,933,699,77,6371,0,45,927
2018-05-18,1429,5465,1756,873,704,753,5555,-1,42,-90
2018-05-18,1685,6995,2545,874,651,815,7128,513,46,-133
2018-05-18,1450,6908,2192,867,698,1434,7168,481,46,-260
2018-05-18,1765,6697,2768,880,699,504,6661,0,44,36
2018-05-19,1594,5533,1743,470,697,551,5099,0,44,434
2018-05-19,1659,6571,2431,499,699,6,5754,419,42,817
2018-05-19,1703,6378,2345,467,699,86,5609,265,43,770
2018-05-19,1606,5841,2104,480,701,141,5063,0,41,777
2018-05-20,1287,4845,1500,479,700,552,4559,4,38,286
2018-05-20,1314,5595,2184,475,700,320,5704,679,33,-109
2018-05-20,1534,5669,2350,481,699,180,5411,130,37,257
2018-05-21,1536,5055,1760,473,702,728,5232,-1,35,-177
2018-05-21,1530,6309,2363,595,697,697,6026,107,37,283
2018-05-21,1656,6762,2049,873,694,770,6738,656,39,24
2018-05-21,1671,6576,2558,923,698,301,6205,10,43,371
2018-05-22,1398,5386,1887,882,701,232,5140,0,40,246
2018-05-22,1835,6985,2768,889,702,352,6853,262,45,133
2018-05-22,1769,6945,2638,875,686,443,7201,745,45,-257
2018-05-22,1882,7479,3003,922,700,384,6935,-1,44,545
2018-05-23,1737,5478,2214,871,695,59,5617,0,41,-139
2018-05-23,1738,7111,2805,879,700,32,6781,584,43,330
2018-05-23,1757,6999,2634,888,696,165,6754,571,42,245
2018-05-23,1763,6887,2691,902,698,171,6266,0,42,621
2018-05-24,1558,5558,2202,909,694,26,5426,0,37,131
2018-05-24,1720,7263,2951,947,688,105,7122,668,42,141
2018-05-24,1756,7488,3075,981,694,164,6711,-1,41,777
2018-05-25,1773,5651,2268,934,695,266,5975,0,40,-324
2018-05-25,1788,7127,2711,936,698,299,7051,578,41,75
2018-05-25,1775,7081,2553,964,694,909,7396,463,38,-316
2018-05-25,1722,6799,2715,953,691,228,6351,-1,43,448
2018-05-26,1429,5450,1663,905,701,1587,6314,-1,31,-864
2018-05-26,1619,6453,2659,934,698,1032,7611,636,33,-1158
2018-05-26,1492,6369,2335,997,699,1433,7213,225,30,-843
2018-05-26,1599,5850,2047,922,695,968,6261,1,30,-411
2018-05-27,1387,4792,1418,491,697,1145,5174,6,29,-382
2018-05-27,1277,5546,1917,526,697,1268,6347,632,30,-801
2018-05-27,1629,5653,2413,527,699,638,6067,132,30,-414
2018-05-28,1640,5132,2357,499,699,194,5416,0,27,-284
2018-05-28,1611,5258,2450,748,698,581,6219,101,31,-961
2018-05-28,1387,5906,2382,928,699,671,6878,782,29,-972
2018-05-28,1696,6067,2707,943,697,399,6497,27,29,-430
2018-05-29,1502,5102,1419,864,699,1413,5932,-1,36,-829
2018-05-29,1672,7126,2740,995,694,1096,7551,314,39,-425
2018-05-29,1313,7164,2398,972,658,1944,8083,757,42,-919
2018-05-29,1675,7373,2637,1043,697,901,6997,0,46,376
2018-05-30,1640,5423,2042,968,695,743,6130,0,42,-707
2018-05-30,1622,7193,2739,1031,655,518,7154,545,43,38
2018-05-30,1536,7090,2572,1046,683,632,7098,586,43,-9
2018-05-30,1653,6866,2533,1422,697,117,6463,-1,43,402
2018-05-31,1386,5492,1977,1329,696,642,6071,-1,42,-579
2018-05-31,1675,7173,2547,1389,689,199,7271,731,40,-99
2018-05-31,1723,7255,2857,1383,695,193,7320,429,41,-65
2018-06-01,1431,6099,2078,1358,697,189,5791,0,39,307
2018-06-01,1370,5314,1513,955,698,1087,5666,6,37,-352
2018-06-01,1503,6685,2161,985,695,1040,7157,736,37,-472
2018-06-01,1385,6485,2670,997,696,779,6722,153,43,-237
2018-06-02,1283,5502,1734,986,694,389,5122,0,37,380
2018-06-02,1261,5609,1691,961,697,216,4972,106,40,637
2018-06-02,1422,6370,1799,1392,694,520,6507,640,41,-137
2018-06-02,1357,6376,1907,1402,694,806,6240,36,39,137
2018-06-03,1325,5231,1658,932,682,972,5604,-1,36,-373
2018-06-03,1346,5500,1902,957,688,333,5506,239,41,-6
2018-06-03,1426,5740,1755,1005,684,343,5799,549,37,-58
2018-06-03,1619,6495,1998,1034,693,488,5871,-1,40,624
2018-06-04,1393,5149,1816,935,693,65,4938,-1,36,211
2018-06-04,1480,7212,2282,1390,967,103,6565,300,43,647
2018-06-04,1585,7218,2482,1404,1089,-7,6893,298,42,326
2018-06-04,1474,7096,2028,1327,1345,14,6231,-1,44,865
2018-06-05,1616,5484,1730,947,1344,46,5725,-1,42,-241
2018-06-05,1627,7184,2273,1316,1343,10,7338,725,44,-153
2018-06-05,1690,7040,2194,1352,1360,178,7221,403,44,-181
2018-06-05,1611,6329,1851,1344,1370,145,6364,0,44,-35
2018-06-06,1647,5816,1624,989,1370,376,6056,5,44,-239
2018-06-06,1748,7607,2522,1416,1359,107,7899,702,44,-292
2018-06-06,1714,7130,2206,1395,1362,403,7165,43,42,-35
2018-06-07,1459,5557,765,937,1362,1211,5772,-1,39,-216
2018-06-07,1640,7214,2325,961,1365,875,7472,259,46,-258
2018-06-07,1447,7327,2104,984,1312,1020,7613,704,43,-286
2018-06-07,1696,7454,2359,1039,1356,799,7296,0,47,158
2018-06-08,1391,5646,1744,935,1370,390,5868,-1,38,-222
2018-06-08,1520,7341,2464,1014,1335,336,7130,414,47,211
2018-06-08,1485,7300,2345,1019,1351,782,7628,605,42,-328
2018-06-08,1570,7283,2532,1006,1365,1065,7579,0,42,-296
2018-06-09,1510,5688,1200,972,1367,912,5992,-1,32,-305
2018-06-09,1594,6944,2273,1025,1367,359,7226,577,31,-281
2018-06-09,1647,6788,1966,995,1367,699,7014,308,32,-226
2018-06-09,1545,6192,1972,992,1367,435,6339,-1,29,-147
2018-06-10,1437,5090,1068,572,1363,46,4513,0,26,577
2018-06-10,1518,6078,1674,658,1363,123,6092,728,28,-14
2018-06-10,1526,6113,1882,654,1364,150,5791,188,28,322
2018-06-11,1559,5552,1720,621,1365,32,5323,-1,27,229
2018-06-11,1504,6314,2286,822,1359,-7,6057,60,31,257
2018-06-11,1647,7696,2725,1418,1348,44,7945,727,36,-249
2018-06-11,1610,7474,2829,1417,1359,391,7673,29,38,-199
2018-06-12,1517,5731,1256,962,1367,868,6003,-1,33,-272
2018-06-12,1883,7429,2699,1011,1362,136,7453,323,41,-24
2018-06-12,1823,7913,2779,975,1316,667,8271,672,39,-358
2018-06-12,1757,7838,2807,1000,1356,1170,8125,0,36,-287
2018-06-13,1708,5682,1361,971,1364,731,6168,0,33,-485
2018-06-13,1836,7688,2627,1212,1358,68,7577,441,36,110
2018-06-13,1744,7703,2767,1250,1309,302,7833,426,35,-130
2018-06-13,1755,6793,2177,1041,1353,507,6864,0,32,-71
2018-06-14,1634,5733,1843,1040,1367,28,5942,0,29,-209
2018-06-14,1721,7661,2289,1075,1329,470,7397,481,32,265
2018-06-14,1768,7300,2328,1393,1306,273,7259,153,39,41
2018-06-15,1792,6179,1853,969,1365,65,6078,0,34,101
2018-06-15,1756,5983,1751,785,1359,130,5850,37,32,133
2018-06-15,1803,7586,2486,1402,1311,11,7652,605,34,-66
2018-06-15,1704,7181,2382,1394,1351,179,7115,70,35,67
2018-06-16,1623,5783,1603,772,1363,726,6121,0,35,-338
2018-06-16,1655,6739,1835,900,1365,523,6666,348,40,73
2018-06-16,1442,6672,1384,777,1363,998,6517,519,35,155
2018-06-16,1653,7078,1926,934,1367,646,6563,-1,37,516
2018-06-17,1197,5308,1414,503,1359,721,5222,-1,28,86
2018-06-17,1522,5856,1439,533,1366,350,5748,510,29,108
2018-06-17,1273,5998,1750,544,1364,446,5732,328,28,266
2018-06-17,1519,6100,1836,574,1367,208,5531,0,27,569
2018-06-18,1293,5196,1496,520,1365,268,4966,0,24,231
2018-06-18,1658,7408,2410,1363,1310,332,7544,438,33,-136
2018-06-18,1635,7213,2393,1359,1263,614,7500,204,32,-286
2018-06-19,1659,6114,1926,1330,1347,150,6439,0,27,-325
2018-06-19,1150,5908,1825,596,1358,809,5791,21,31,117
2018-06-19,1597,7745,2520,1354,1278,567,8086,739,32,-341
2018-06-19,1544,7288,2618,1330,1360,308,7337,144,34,-50
2018-06-20,1573,5844,1669,900,1371,301,5843,-1,30,1
2018-06-20,1642,6868,2340,888,1374,637,7046,133,31,-178
2018-06-20,1684,7935,2636,1417,1364,403,8232,695,34,-298
2018-06-20,1687,7430,2517,1411,1366,93,7138,30,34,292
2018-06-21,1647,5794,1796,998,1364,284,6120,-1,31,-326
2018-06-21,1689,7551,2444,1052,1369,443,7302,272,32,249
2018-06-21,1751,7805,2633,1402,1353,270,8013,567,37,-207
2018-06-21,1832,7579,2967,1392,1361,30,7611,-1,29,-32
2018-06-22,1555,5667,1738,981,1366,54,5719,0,26,-53
2018-06-22,1917,7676,2700,986,1340,37,7496,481,35,180
2018-06-22,1865,7689,2653,1030,1363,474,7819,398,36,-130
2018-06-22,1781,7001,2310,981,1363,459,6928,0,34,72
2018-06-23,1338,5623,1818,571,1365,652,5776,-1,32,-153
2018-06-23,1518,6725,1971,610,1369,1280,7122,343,31,-397
2018-06-23,1524,6229,1993,603,1368,963,6896,414,30,-667
2018-06-23,1614,5919,1961,563,1366,113,5645,-1,29,274
2018-06-24,1411,4946,1563,564,1368,32,4971,5,28,-25
2018-06-24,1220,5732,1736,608,1369,-2,5592,634,27,140
2018-06-24,1192,5753,1722,603,1369,382,5467,171,28,286
2018-06-25,1633,5309,1413,569,1369,483,5494,0,27,-185
2018-06-25,1569,6253,2124,657,1365,-8,5837,94,36,416
2018-06-25,1706,7354,2330,1408,1347,238,7704,634,41,-350
2018-06-25,1554,7099,2512,1419,1352,383,7312,56,33,-213
2018-06-26,1555,5575,1735,954,1371,363,6007,-1,29,-431
2018-06-26,1612,7033,2115,977,1376,1004,7377,256,36,-343
2018-06-26,1558,7257,2004,839,1359,1907,8092,389,35,-835
2018-06-26,1629,7260,2429,1045,1371,1091,7601,0,36,-341
2018-06-27,1298,5621,1545,574,1379,1485,6312,0,32,-691
2018-06-27,1572,7422,2814,971,1333,1240,8099,133,36,-677
2018-06-27,1637,7173,2883,1037,1358,490,7612,172,34,-439
2018-06-27,1368,6999,2446,1012,1366,454,6680,-1,35,319
2018-06-28,1622,5671,1847,957,1370,69,5896,-1,31,-225
2018-06-28,1649,7508,2502,998,1338,551,7348,272,38,160
2018-06-28,1616,7251,2626,1056,1308,385,7290,263,37,-40
2018-06-28,1522,6305,2034,828,1370,168,5955,-1,34,350
2018-06-29,1462,5575,1759,950,1377,34,5613,0,30,-38
2018-06-29,1641,7065,2532,815,1309,50,6802,422,33,263
2018-06-29,1558,6838,2348,988,1372,78,6569,192,33,268
2018-06-30,1687,5842,1793,802,1370,151,5833,0,29,9
2018-06-30,1475,5695,2490,576,1381,219,6196,25,30,-501
2018-06-30,1343,6532,2441,614,1378,307,6663,550,31,-131
2018-06-30,1258,6534,2394,610,1381,1664,7398,61,30,-864
2018-07-01,1142,5162,1895,570,1377,1209,6222,-1,29,-1060
2018-07-01,1144,5228,2024,573,1374,626,5975,204,29,-747
2018-07-01,1560,5557,2051,593,1376,11,6184,570,23,-627
2018-07-01,1633,6097,2503,593,1378,336,6466,2,22,-369
2018-07-02,1548,4923,2152,558,1371,179,5830,-1,24,-907
2018-07-02,1708,6868,3022,988,1322,69,7646,499,38,-778
2018-07-02,1677,6942,2692,1005,1312,160,7596,715,35,-654
2018-07-02,1764,7248,3372,1045,1363,13,7591,-1,34,-343
2018-07-03,1630,5439,2183,955,1365,57,6217,-1,28,-778
2018-07-03,1737,7230,3048,946,1353,18,7797,666,30,-567
2018-07-03,1711,6982,2985,990,1370,14,7656,560,27,-675
2018-07-03,1751,6569,2735,1014,1372,137,7035,-1,27,-466
2018-07-04,1587,5524,2140,565,1371,355,6051,0,32,-526
2018-07-04,1388,7162,3185,621,1329,287,7551,704,37,-389
2018-07-04,1279,7063,3007,617,1362,875,7479,303,36,-416
2018-07-05,1699,6115,2696,581,1366,376,6750,-1,32,-635
2018-07-05,1685,6103,2747,561,1369,46,6463,23,32,-360
2018-07-05,1250,7446,3294,863,1354,531,7881,552,38,-435
2018-07-05,1745,7069,3071,968,1364,59,7338,94,37,-269
2018-07-06,1700,5911,2767,507,1372,18,6399,0,35,-489
2018-07-06,1723,7107,3254,892,1377,15,7484,187,37,-377
2018-07-06,1429,7526,3739,952,1365,42,8254,690,37,-728
2018-07-06,1729,7241,3403,961,1363,206,7706,8,37,-465
2018-07-07,1692,5700,2644,815,1377,118,6681,-1,36,-981
2018-07-07,1675,6564,2822,815,1374,25,7052,307,35,-488
2018-07-07,1678,6584,3050,843,1373,40,7392,375,32,-808
2018-07-07,1640,6962,2745,716,1372,802,7308,0,34,-346
2018-07-08,1351,5379,2339,427,1374,814,6337,0,32,-958
2018-07-08,1403,6037,2930,435,1370,383,6788,234,33,-751
2018-07-08,1516,6004,2998,469,1373,380,6945,178,31,-941
2018-07-08,1652,6023,2536,454,1375,715,6765,0,33,-742
2018-07-09,1515,5221,2301,420,1367,460,6092,0,30,-871
2018-07-09,1701,7337,3290,758,1361,407,7814,260,38,-477
2018-07-09,1734,6988,3400,792,1312,318,7727,131,39,-739
2018-07-10,1278,5937,2719,661,1360,691,6747,-1,38,-810
2018-07-10,1371,6026,3117,551,1365,287,6730,4,37,-689
2018-07-10,1709,7535,3706,928,1318,88,8110,323,39,-575
2018-07-10,1542,7256,3807,856,1363,186,7840,45,41,-584
2018-07-11,1586,5528,2805,545,1365,51,6389,-1,38,-861
2018-07-11,1664,7382,3478,616,1334,178,7877,568,39,-495
2018-07-11,1569,7305,3746,626,1365,105,7953,507,35,-648
2018-07-11,1589,6537,3538,588,1344,190,7281,-1,33,-744
2018-07-12,1578,5546,2631,642,1370,92,6343,0,32,-798
2018-07-12,1616,7404,3299,925,1329,148,8007,650,39,-603
2018-07-12,1617,7253,3507,973,1358,33,7782,253,41,-529
2018-07-13,1629,6155,2827,936,1358,83,6871,-1,38,-717
2018-07-13,1634,6128,2500,938,1366,185,6695,32,39,-566
2018-07-13,1631,7661,3275,922,1304,358,8255,726,39,-593
2018-07-13,1699,7135,3097,946,1360,351,7589,96,40,-454
2018-07-14,1671,5878,2560,460,1377,598,6705,0,40,-828
2018-07-14,1673,6278,2751,850,1373,178,7016,155,35,-737
2018-07-14,1653,6877,2938,878,1366,80,7624,672,36,-747
2018-07-14,1649,6676,3001,897,1373,300,7264,9,36,-588
2018-07-15,1638,5259,2493,374,1371,356,6266,0,34,-1007
2018-07-15,1622,5634,2468,386,1371,98,6372,394,33,-738
2018-07-15,1374,5905,2569,427,1373,489,6845,579,33,-940
2018-07-15,1534,6562,3119,460,1367,305,6819,0,35,-257
2018-07-16,1633,5251,2149,380,1373,232,5801,0,33,-550
2018-07-16,1708,7404,2917,889,1353,217,7675,551,39,-271
2018-07-16,1693,7433,2674,905,1323,885,8002,485,37,-569
2018-07-16,1725,6759,2632,926,1363,539,7219,0,33,-460
2018-07-17,1761,5592,2029,890,1370,147,6231,0,36,-640
2018-07-17,1797,7494,2976,923,1313,54,7748,646,40,-254
2018-07-17,1674,7133,2928,890,1346,233,7371,254,45,-239
2018-07-18,1474,6027,2217,893,1371,693,6691,-1,43,-664
2018-07-18,1603,5940,2086,880,1372,327,6318,10,40,-378
2018-07-18,1819,7540,2569,885,1352,373,7589,546,46,-49
2018-07-18,1620,7131,3149,931,1350,115,7322,116,41,-191
2018-07-19,1533,5876,1881,876,1361,498,6188,-1,39,-312
2018-07-19,1575,6777,2883,935,1364,97,6958,60,45,-182
2018-07-19,1578,7538,2686,915,1341,581,7676,530,45,-138
2018-07-19,1707,7367,3048,939,1359,203,7322,18,48,45
2018-07-20,1499,5742,1947,881,1370,639,6381,-1,46,-639
2018-07-20,1535,7131,2740,983,1375,845,7738,214,46,-607
2018-07-20,1552,7395,2580,1294,1371,678,8037,517,45,-642
2018-07-20,1575,7461,3382,1338,1374,173,7887,-1,47,-427
2018-07-21,1674,5612,2257,873,1372,250,6470,-1,45,-858
2018-07-21,1564,6873,2783,1268,1374,146,7698,522,40,-825
2018-07-21,1561,6873,3018,1283,1371,144,7832,412,42,-960
2018-07-21,1575,6684,2836,1285,1370,62,7169,0,41,-485
2018-07-22,1565,5278,2535,477,1371,78,6055,0,31,-778
2018-07-22,1702,6131,2766,511,1369,-11,6974,599,38,-842
2018-07-22,1368,6221,2995,510,1367,385,6941,277,39,-720
2018-07-23,1644,5805,2839,485,1371,52,6430,-1,39,-625
2018-07-23,1704,5530,2215,518,1368,161,6006,1,39,-477
2018-07-23,1833,7585,3077,1351,1313,-15,8005,403,43,-420
2018-07-23,1774,7052,3296,1367,684,206,7493,122,45,-441
2018-07-24,1825,5917,2694,950,731,180,6421,0,42,-504
2018-07-24,1682,6540,2648,933,1281,413,7066,66,44,-526
2018-07-24,1821,7591,3041,963,1334,369,8090,528,35,-499
2018-07-24,1723,7224,3199,1006,1367,192,7548,26,34,-324
2018-07-25,1409,5740,2109,929,1372,455,6306,0,33,-566
2018-07-25,1718,7220,2969,926,1364,452,7705,237,37,-485
2018-07-25,1749,7397,2944,985,1344,481,8022,478,42,-625
2018-07-25,1760,7449,3080,959,1363,615,7813,0,37,-364
2018-07-26,1725,5615,2222,519,1367,512,6382,0,37,-767
2018-07-26,1826,7517,3084,583,1352,499,7871,486,41,-354
2018-07-26,1861,7347,3483,606,1320,146,7765,309,41,-418
2018-07-26,1799,6613,2539,568,1359,589,6896,-1,43,-283
2018-07-27,1797,5602,2355,527,1360,196,6278,0,43,-675
2018-07-27,1810,7529,3110,916,1314,234,7990,559,46,-461
2018-07-27,1801,7157,3186,947,1343,139,7618,155,47,-461
2018-07-28,1742,5924,2489,900,1362,19,6557,0,45,-633
2018-07-28,1735,5697,2558,909,1363,129,6735,7,34,-1038
2018-07-28,1756,6921,2906,924,1359,45,7619,595,35,-698
2018-07-28,1843,6762,3227,946,1367,6,7489,65,35,-727
2018-07-29,1543,5394,2893,515,1354,14,6350,-1,32,-956
2018-07-29,1749,5476,2782,521,1360,17,6567,105,34,-1091
2018-07-29,1342,6140,2889,553,1359,350,7098,570,36,-959
2018-07-29,1792,6425,3249,604,1359,32,7075,1,37,-650
2018-07-30,1674,5220,2375,510,1358,169,6119,0,34,-899
2018-07-30,1848,7235,3349,895,1349,36,7787,272,39,-552
2018-07-30,1846,7413,3326,938,1322,98,8073,505,38,-659
2018-07-30,1895,7532,3417,982,1347,264,7945,0,39,-413
2018-07-31,1777,5564,2332,514,1364,295,6317,-1,36,-753
2018-07-31,1887,7522,3171,907,1367,267,8011,371,40,-489
2018-07-31,1851,7457,3196,947,1364,249,7955,308,40,-498
2018-07-31,1775,6640,2619,950,1363,383,7125,-1,36,-485
2018-08-01,1285,5521,2472,539,1358,940,6631,-1,38,-1110
2018-08-01,1634,7579,2994,889,1340,1120,8409,392,40,-830
2018-08-01,1657,7204,2995,790,1346,1072,8100,203,38,-896
2018-08-02,1627,5949,2282,901,1351,872,7068,0,35,-1119
2018-08-02,1171,5790,2359,604,1358,1231,6763,3,35,-973
2018-08-02,1608,7565,3398,895,1315,638,8585,692,39,-1020
2018-08-02,1680,7193,3022,940,1346,751,7857,77,42,-664
2018-08-03,1232,5757,2500,533,1364,1124,6789,-1,38,-1032
2018-08-03,1219,6566,3057,758,1365,1066,7610,104,41,-1044
2018-08-03,1677,7540,3252,948,1358,680,8675,721,39,-1135
2018-08-03,1756,7524,3461,967,1358,296,7879,0,41,-355
2018-08-04,1399,5425,2256,609,1368,846,6516,0,40,-1091
2018-08-04,1692,6503,2726,777,1362,255,7422,571,39,-919
2018-08-04,1643,6538,2854,789,1360,165,7359,512,35,-820
2018-08-04,1734,6357,2862,761,1361,136,6886,-1,34,-530
2018-08-05,1611,5113,2251,590,1363,339,6188,-1,35,-1075
2018-08-05,1653,6030,2512,752,1364,-14,7031,730,34,-1001
2018-08-05,1632,6196,2740,765,1362,20,6848,296,33,-651
2018-08-06,1709,5582,2540,608,1360,109,6360,0,34,-778
2018-08-06,1632,5552,2168,800,1364,58,6066,9,35,-514
2018-08-06,1638,7521,3007,1261,1342,-12,8025,752,37,-504
2018-08-06,1638,7080,2863,1263,1343,186,7393,70,31,-314
2018-08-07,1609,5661,1876,1092,1359,182,6147,-1,29,-486
2018-08-07,1631,6831,2673,1181,1350,391,7394,130,37,-564
2018-08-07,1640,7723,2754,1251,1354,319,8018,660,39,-295
2018-08-07,1665,7184,2987,1323,1352,136,7499,1,36,-315
2018-08-08,1168,5494,1624,672,1360,1309,6171,0,38,-677
2018-08-08,1644,7034,2467,1241,1331,293,7374,362,36,-340
2018-08-08,1630,7404,2651,1283,1323,167,7738,648,36,-334
2018-08-08,1614,7578,2984,1325,1351,52,7360,0,34,218
2018-08-09,1598,5572,1846,1242,1355,283,6358,0,34,-786
2018-08-09,1627,7437,2697,1282,1277,294,7765,550,39,-328
2018-08-09,1638,7443,2506,1302,1336,595,7942,525,39,-499
2018-08-09,1613,6785,2141,1227,1338,533,6892,0,40,-107
2018-08-10,1612,5515,1804,866,1346,682,6349,0,40,-834
2018-08-10,1699,7519,2592,1148,1272,731,8219,740,38,-700
2018-08-10,1680,7246,2413,1164,1347,777,7772,353,38,-526
2018-08-11,1673,6151,1891,1133,1340,426,6500,0,37,-349
2018-08-11,1577,5481,1722,1258,1347,633,6572,0,35,-1092
2018-08-11,1686,6602,2114,1311,1351,184,7151,471,34,-548
2018-08-11,1753,6082,1972,1247,1351,123,6482,-1,36,-400
2018-08-12,1634,5193,1825,1258,1348,53,6150,-1,33,-957
2018-08-12,1644,5924,1611,1239,1349,61,6680,743,33,-756
2018-08-12,1747,6260,1914,1256,1351,280,6816,237,31,-555
2018-08-13,1713,5397,1747,1243,1353,117,6199,-1,27,-802
2018-08-13,1676,5608,1959,1286,1348,4,6316,14,29,-708
2018-08-13,1694,7408,2682,1320,1296,93,7885,772,30,-478
2018-08-13,1722,7132,2685,1316,1338,532,7665,39,33,-534
2018-08-14,1719,5567,1426,1254,1356,328,6121,0,38,-553
2018-08-14,1697,6615,2140,1042,1354,62,6505,171,39,109
2018-08-14,1676,7341,2293,1296,1301,463,7805,736,39,-464
2018-08-14,1729,7332,2664,1313,1347,491,7580,0,37,-248
2018-08-15,1666,5378,1595,1279,1354,99,6028,-1,35,-650
2018-08-15,1719,6085,2096,1254,1360,-9,6830,376,34,-744
2018-08-15,1648,6352,2177,1256,1359,328,7355,554,33,-1003
2018-08-15,1703,6691,2359,1320,1360,134,6909,-1,33,-218
2018-08-16,1127,5103,1453,1136,1364,804,5917,-1,33,-814
2018-08-16,1653,7233,2361,1253,1304,474,7660,577,40,-427
2018-08-16,1737,7235,2502,1283,1330,419,7699,391,37,-464
2018-08-16,1740,6417,2269,1281,1047,312,6686,-1,37,-269
2018-08-17,1588,5486,1528,834,1320,1143,6449,-1,36,-963
2018-08-17,1748,7151,2448,1243,1275,312,7741,681,34,-590
2018-08-17,1720,7130,2361,1263,1347,397,7334,216,32,-205
2018-08-18,1676,5783,1088,1141,1347,1063,6350,0,35,-567
2018-08-18,1466,5396,1367,851,1352,1208,6274,1,29,-878
2018-08-18,1701,6876,1330,1250,1355,1078,7489,742,34,-613
2018-08-18,1703,6648,1768,1274,1354,369,6547,47,34,101
2018-08-19,1705,5403,1486,488,1356,745,5813,0,34,-409
2018-08-19,1652,5422,1279,453,1359,802,5679,101,33,-257
2018-08-19,1679,6153,1691,528,1356,267,6290,736,33,-137
2018-08-19,1756,6534,1968,556,1352,184,5847,-1,33,686
2018-08-20,1558,5076,1373,452,1355,207,4976,-1,31,100
2018-08-20,1811,6975,2108,689,1328,140,6459,350,34,516
2018-08-20,1826,7508,2362,1238,1336,423,7766,547,34,-258
2018-08-20,1842,7314,2443,1226,1350,339,7231,-1,33,83
2018-08-21,1800,5553,1603,1196,1358,10,6011,-1,44,-458
2018-08-21,1842,7451,2844,1202,1337,-12,7833,583,37,-382
2018-08-21,2129,7584,2861,1232,1354,149,8197,442,31,-614
2018-08-22,2036,6115,1804,1190,1350,97,6488,-1,34,-373
2018-08-22,1602,5856,1590,1195,1353,809,6583,0,34,-727
2018-08-22,1934,7875,2114,1171,1321,937,8254,741,36,-379
2018-08-22,1965,7360,2594,1254,1342,410,7675,76,34,-315
2018-08-23,1858,5863,1971,909,1351,183,6307,-1,36,-444
2018-08-23,1868,6829,2616,944,1352,610,7488,62,37,-659
2018-08-23,1841,7851,2808,1390,1289,494,8526,667,38,-675
2018-08-23,1692,7522,3154,1436,1334,388,8044,0,41,-522
2018-08-24,1662,5683,1444,1365,1354,549,6406,-1,32,-723
2018-08-24,1722,7293,2471,1466,1339,399,7689,258,33,-396
2018-08-24,1705,7550,2362,1431,1323,671,8138,614,34,-588
2018-08-24,1864,7672,2679,1468,1345,318,7705,0,31,-33
2018-08-25,1819,5560,1479,1393,1351,29,6103,-1,32,-543
2018-08-25,1844,6702,1831,1339,1354,4,6895,494,27,-193
2018-08-25,1789,6808,1930,1370,1357,99,7065,490,31,-258
2018-08-25,1790,6613,1889,1335,1356,157,6556,0,30,57
2018-08-26,1800,5335,1476,1348,1354,11,6018,0,29,-682
2018-08-26,1833,6037,1512,1315,1355,-11,6646,615,28,-609
2018-08-26,1856,6294,1544,1373,1354,334,6719,231,27,-425
2018-08-26,1756,5790,1643,1299,1353,168,6246,-1,28,-455
2018-08-27,1709,5660,1457,1341,1351,97,5982,0,27,-322
2018-08-27,1799,7453,2205,1428,1305,464,7751,520,31,-298
2018-08-27,1798,7252,2471,1425,1322,492,7539,0,32,-288
2018-08-28,1459,5614,1381,949,1345,1298,6460,0,29,-847
2018-08-28,1839,7541,3045,1031,1337,318,8010,409,32,-469
2018-08-28,1803,7500,2795,1060,1346,332,7726,358,32,-226
2018-08-28,1797,6405,1720,956,1344,937,6783,0,30,-378
2018-08-29,1642,5855,1144,540,1348,2057,6761,0,30,-905
2018-08-29,1648,7385,1857,953,1328,1484,7972,673,30,-587
2018-08-29,1714,7621,2113,925,1346,1643,7766,0,27,-145
2018-08-30,1595,5661,1334,698,1345,1631,6631,0,28,-969
2018-08-30,1730,7369,2094,988,1337,948,7415,286,32,-46
2018-08-30,1696,7646,2572,1334,1307,295,7909,672,33,-262
2018-08-30,1739,7803,2422,1350,1348,436,7327,0,32,476
2018-08-31,1654,5599,1431,1326,1353,429,6224,-1,31,-625
2018-08-31,1729,7366,2468,1363,1276,92,7464,506,30,-98
2018-08-31,1704,7401,2377,1384,1338,88,7376,459,27,25
2018-08-31,1680,6752,1760,1297,1350,552,6666,0,27,87
2018-09-01,1517,5712,1573,1030,1360,938,6444,0,26,-732
2018-09-01,1584,6719,1618,1217,1357,465,6951,689,22,-231
2018-09-01,1605,6690,1651,1365,1355,480,6727,251,21,-37
2018-09-02,1397,5889,1544,1062,1352,1042,6419,0,21,-529
2018-09-02,1502,5281,1305,768,1363,1523,6483,0,22,-1203
2018-09-02,1554,6177,1655,970,1360,700,6990,732,21,-813
2018-09-02,1574,6278,1711,965,1350,428,6104,54,22,174
2018-09-03,1462,5600,1559,950,1358,431,5776,0,17,-176
2018-09-03,1598,6822,2118,972,1360,749,6878,60,21,-57
2018-09-03,1635,7852,2375,1274,1313,944,8184,622,21,-332
2018-09-03,1542,6700,2018,1262,1336,261,6438,-1,19,262
2018-09-04,1572,5942,1715,1247,1346,400,6302,-1,22,-360
2018-09-04,1712,7484,2430,1262,1347,96,7311,435,30,172
2018-09-04,1748,7184,2340,1289,1346,137,7071,181,29,113
2018-09-05,1732,6100,1495,1259,1346,22,5878,-1,25,221
2018-09-05,1749,6221,1581,1268,1346,71,6037,-1,23,184
2018-09-05,1741,7366,1989,953,1284,467,6971,516,21,395
2018-09-05,1719,6960,1996,1159,646,580,6148,29,18,812
2018-09-06,2035,5688,1518,1003,655,553,5786,-1,23,-98
2018-09-06,1978,6936,2359,1255,660,815,7139,46,24,-203
2018-09-06,1992,7415,1856,1156,620,1524,7718,545,25,-302
2018-09-06,1849,7709,2218,979,659,1169,6899,0,25,810
2018-09-07,1538,5623,1280,898,666,1759,6163,-1,22,-540
2018-09-07,1729,7344,2138,937,664,1729,7558,337,23,-213
2018-09-07,1851,7337,1791,944,646,1690,7482,536,23,-145
2018-09-07,1960,7389,2036,1240,664,539,6461,0,22,928
2018-09-08,1586,5502,1502,1250,667,194,5217,0,19,284
2018-09-08,1397,6233,1683,914,664,570,5784,533,23,448
2018-09-08,1414,6008,1746,948,662,788,5897,317,21,111
2018-09-08,1633,5904,2317,1281,670,192,6112,-1,20,-209
2018-09-09,1567,5133,1865,867,926,234,5477,-1,18,-344
2018-09-09,1587,5742,1435,839,1186,744,6423,614,19,-681
2018-09-09,1569,5811,1761,888,1352,972,6688,125,21,-877
2018-09-10,1388,5339,1620,693,1360,1058,6136,0,18,-797
2018-09-10,1557,5753,1294,885,1367,921,6043,0,20,-290
2018-09-10,1542,7171,2009,1294,1312,957,7761,625,22,-590
2018-09-10,1537,7022,2432,1316,1353,478,7168,33,19,-146
2018-09-11,1562,5492,1173,782,1364,1088,5988,-1,19,-496
2018-09-11,1736,6894,1938,869,1355,1532,7501,42,28,-607
2018-09-11,1659,7154,1665,880,1340,1728,7885,583,30,-731
2018-09-11,1746,7745,2311,921,1364,1359,7729,0,29,17
2018-09-12,1511,5173,1444,847,1370,922,6120,-1,26,-947
2018-09-12,1782,7090,2341,1033,1362,1003,7763,215,28,-673
2018-09-12,1772,7163,2180,1311,1324,566,7703,523,28,-541
2018-09-12,1697,7255,2215,1302,1357,405,6997,-1,23,258
2018-09-13,1660,5441,1405,1282,1367,192,5933,-1,28,-492
2018-09-13,1687,7220,2111,1210,1342,292,7136,466,29,84
2018-09-13,1774,7153,2095,1067,1329,370,7137,472,31,16
2018-09-13,1647,6603,2081,1112,1362,204,6438,-1,33,165
2018-09-14,1889,5656,1267,994,1373,684,6236,-1,29,-580
2018-09-14,2046,7201,1993,878,1342,633,7602,675,35,-401
2018-09-14,2041,6915,2004,1100,1350,335,7095,232,34,-181
2018-09-15,1849,6058,1278,1014,1368,421,5961,0,32,97
2018-09-15,1598,5718,1233,1197,1366,663,6088,0,31,-371
2018-09-15,1645,6627,1679,1154,1363,509,6973,592,30,-345
2018-09-15,1724,6542,1679,1223,1366,162,6213,30,29,330
2018-09-16,1739,5545,1446,831,1360,366,5770,0,28,-225
2018-09-16,1630,5300,1221,791,1369,1263,6308,5,28,-1008
2018-09-16,1473,5930,1250,641,1370,1425,6804,617,28,-873
2018-09-16,1826,6792,1869,850,1366,808,6747,0,28,44
2018-09-17,1616,5152,1396,784,1368,567,5752,0,22,-600
2018-09-17,1710,7071,2275,1058,1367,232,6834,159,34,237
2018-09-17,1667,6961,1921,1302,1338,53,6994,679,32,-33
2018-09-17,1671,7521,2546,1349,1368,405,7375,0,36,146
2018-09-18,1678,5618,1296,1286,1367,87,5752,0,39,-134
2018-09-18,1697,7170,1935,1248,1335,59,6814,496,44,357
2018-09-18,1746,7167,2220,1346,1367,114,7342,508,40,-175
2018-09-18,1843,6353,1507,1140,1370,384,6283,-1,40,70
2018-09-19,1903,5750,1273,1293,1367,110,5983,0,37,-232
2018-09-19,2088,7105,1963,1299,1279,100,7502,732,41,-397
2018-09-19,2096,6978,1986,1324,1356,154,7134,180,39,-156
2018-09-20,1800,5803,1117,1263,1367,269,5855,-1,39,-52
2018-09-20,1778,6299,1479,1319,1367,13,5993,0,37,306
2018-09-20,1822,7235,1891,1311,1317,43,7213,786,42,21
2018-09-20,1825,7278,1998,1341,1362,178,6750,3,43,528
2018-09-21,1794,5718,1261,1288,1379,33,5788,0,33,-71
2018-09-21,1846,6896,2032,1323,1372,78,6781,95,36,114
2018-09-21,1820,7065,1754,1287,1342,212,7152,702,35,-86
2018-09-21,1799,7616,2241,1354,1365,275,7070,-1,36,546
2018-09-22,1764,5597,1053,873,1368,196,5288,-1,34,309
2018-09-22,1819,6544,1350,1229,1369,59,6209,352,32,335
2018-09-22,1831,6495,1376,1278,1374,541,6809,380,29,-315
2018-09-22,1835,6612,1518,1315,1370,662,6729,-1,30,-117
2018-09-23,1404,5170,1004,673,1371,1322,5802,-1,28,-632
2018-09-23,1621,5720,1572,1321,1370,116,6376,349,27,-656
2018-09-23,1607,5662,1255,1313,1372,61,5947,309,31,-285
2018-09-23,1610,5634,1443,1275,1374,495,6224,-1,28,-590
2018-09-24,1188,5236,946,389,1382,1664,5596,-1,28,-360
2018-09-24,1616,7169,2336,837,1326,1320,7909,443,31,-740
2018-09-24,1646,7117,1479,820,1363,2485,7875,47,33,-757
2018-09-25,1709,5839,1159,623,1370,1548,6443,0,33,-604
2018-09-25,1646,6198,1104,813,1381,820,5797,0,33,401
2018-09-25,1680,7117,1858,1269,1354,866,7690,628,35,-574
2018-09-25,1666,7237,1796,924,1378,1387,7191,5,36,46
2018-09-26,1327,5717,1001,624,1382,2022,6388,0,33,-670
2018-09-26,1613,6980,1718,624,1383,1944,7379,66,31,-399
2018-09-26,1612,7031,1501,1254,1343,1699,8033,594,31,-1003
2018-09-26,1629,8006,2401,1335,1373,877,7644,-1,30,362
2018-09-27,1626,5710,1547,1244,1389,151,5985,-1,29,-274
2018-09-27,1698,7329,2135,1198,1390,108,6862,299,34,466
2018-09-27,1631,6995,1881,1286,1352,220,6859,458,32,136
2018-09-27,1813,7473,1929,1359,1371,218,6723,0,33,750
2018-09-28,1747,5692,1322,1233,1386,110,5829,0,31,-137
2018-09-28,1769,7184,2063,1313,1324,-9,7026,533,34,158
2018-09-28,1851,6896,1606,1254,1372,399,7021,503,35,-124
2018-09-28,1859,6530,1498,1262,1384,916,6954,0,36,-424
2018-09-29,1669,5691,1259,1221,1385,372,5940,0,35,-249
2018-09-29,1660,6559,1512,1279,1387,213,6528,446,31,31
2018-09-29,1169,6605,905,898,1390,2274,6766,99,32,-162
2018-09-30,1468,5601,994,561,1390,2320,6758,0,27,-1157
2018-09-30,1596,5535,1232,627,1392,1740,6613,0,27,-1078
2018-09-30,1601,5770,1413,836,1394,1215,6997,515,23,-1227
2018-09-30,1666,7050,2553,876,1394,836,7350,0,25,-300
2018-10-01,1557,5306,1222,853,1389,1143,6194,0,30,-888
2018-10-01,1689,7277,2126,995,1395,902,7201,57,37,77
2018-10-01,1693,7149,2564,1303,1344,285,7435,207,39,-286
2018-10-01,1697,7763,2680,1328,1381,379,7504,0,39,259
2018-10-02,1603,5564,1489,1289,1380,57,5853,0,36,-289
2018-10-02,1794,7685,2415,1340,1395,98,7341,258,40,344
2018-10-02,1807,7072,2001,1314,1393,199,7077,321,42,-6
2018-10-02,1794,7043,1669,984,1390,1192,7067,0,39,-24
2018-10-03,1431,5757,808,664,1394,1643,5977,0,36,-220
2018-10-03,1775,7337,2020,1214,1355,205,7121,512,40,217
2018-10-03,1788,6955,1266,1078,1380,1501,7350,297,40,-395
2018-10-03,1788,6320,1481,1252,1377,707,6639,0,34,-319
2018-10-04,1725,5944,782,1221,1393,1237,6392,0,33,-447
2018-10-04,1758,7140,1518,1338,1306,715,7327,656,36,-186
2018-10-05,1686,6077,1302,1473,1371,713,6569,-1,25,-492
2018-10-05,1729,6475,1154,1412,1387,669,6374,-1,23,100
2018-10-05,1843,7033,1728,1491,1333,101,7320,794,31,-287
2018-10-05,1773,7778,1799,1502,1380,737,7219,-1,28,558
2018-10-06,1585,5845,1175,1502,1397,749,6433,-1,27,-588
2018-10-06,1625,6424,1115,1388,1394,519,6123,54,26,301
2018-10-06,1618,6280,1154,1463,1388,581,6981,751,25,-701
2018-10-06,1611,7284,1189,1548,1395,978,6745,-1,25,539
2018-10-07,1572,5299,1145,1082,1388,730,5938,-1,21,-638
2018-10-07,1557,5781,1310,1472,1392,303,6340,281,24,-559
2018-10-07,1572,5549,1074,1340,1387,490,6506,622,22,-957
2018-10-07,1552,6511,1104,1571,1394,429,6071,-1,22,440
2018-10-08,1646,5234,1147,1481,1387,101,5781,-1,20,-548
2018-10-08,1583,7234,1804,1567,1306,13,6853,550,29,381
2018-10-08,1664,6982,1703,1504,1279,56,6647,410,30,335
2018-10-08,1639,6490,1324,1524,1372,107,5992,-1,27,498
2018-10-09,1704,5811,1145,1514,1384,575,6348,-1,26,-538
2018-10-09,1631,7148,1776,1520,1370,371,7341,642,30,-193
2018-10-09,1636,6971,1747,1508,1386,479,6898,112,29,74
2018-10-10,1641,6014,1023,1517,1388,826,6424,-1,29,-409
2018-10-10,1698,6505,1151,1532,1388,970,6769,0,29,-264
2018-10-10,1674,7004,1624,1583,1373,598,7579,699,28,-574
2018-10-10,1712,7899,1824,1594,1376,501,7032,-1,27,866
2018-10-11,1703,5907,708,1364,1391,1456,6648,-1,25,-741
2018-10-11,1758,7236,1665,1567,1387,1207,7624,10,30,-388
2018-10-11,1763,7250,1850,1511,1351,864,7936,567,30,-686
2018-10-11,1714,8033,1769,1542,1379,819,7253,0,30,779
2018-10-12,1633,5809,959,1137,1391,1434,6582,-1,29,-773
2018-10-12,1633,7375,1761,1594,1369,1039,7652,224,32,-277
2018-10-12,1668,6983,1571,1522,1382,1209,7939,555,33,-956
2018-10-12,1620,7400,1840,1554,1389,1442,7874,-1,30,-474
2018-10-13,1724,5791,893,1067,1393,1772,6876,-1,27,-1085
2018-10-13,1681,6804,996,1101,1397,1771,7503,529,28,-699
2018-10-13,1447,6349,1127,879,1392,1940,7200,386,28,-851
2018-10-13,1539,6146,815,894,1397,2095,6765,0,25,-619
2018-10-14,1617,5567,670,1067,1393,1666,6437,0,24,-869
2018-10-14,1601,5630,631,882,1397,1561,6786,688,26,-1156
2018-10-14,1264,5856,849,880,1396,1595,6070,59,27,-214
2018-10-15,1595,5543,990,1047,1392,1479,6532,-1,29,-989
2018-10-15,1735,6426,1227,1085,1398,1484,6960,0,32,-535
2018-10-15,1745,6996,1806,1500,1163,603,7164,310,36,-168
2018-10-15,1770,6441,1407,1524,1237,710,6682,-1,35,-241
2018-10-16,1783,5984,1472,1443,1362,510,6605,-1,35,-621
2018-10-16,1742,7274,1901,1451,1343,186,7365,699,43,-91
2018-10-16,1779,7167,1972,1444,1387,229,6871,14,46,296
2018-10-17,1898,6141,1332,1423,1390,643,6725,-1,40,-584
2018-10-17,1883,6847,1502,1444,1394,637,6902,0,41,-55
2018-10-17,1865,7181,1906,1455,1360,317,7617,673,41,-436
2018-10-17,1897,8083,2003,1541,1380,706,7564,0,37,520
2018-10-18,1822,6040,1203,1486,1397,722,6665,-1,36,-625
2018-10-18,1880,7544,1987,1529,1396,436,7287,15,44,258
2018-10-18,1925,7110,1940,1446,1344,34,7116,383,43,-6
2018-10-18,1908,7592,1975,1477,1382,67,6854,-1,45,738
2018-10-19,1865,5700,1215,1479,1383,16,6003,-1,45,-303
2018-10-19,1809,7475,1905,1528,1351,-9,6868,239,45,607
2018-10-19,1840,7045,1800,1492,1384,4,6738,175,43,307
2018-10-19,1838,6785,1761,1471,1390,16,6521,-1,46,264
2018-10-20,1801,5911,1441,1521,1390,227,6418,-1,38,-506
2018-10-20,1813,7062,1351,1512,1394,337,6676,224,45,386
2018-10-20,1868,6625,1311,1480,1394,207,6340,35,45,284
2018-10-21,1678,5995,1073,1474,1394,853,6513,-1,41,-517
2018-10-21,1647,5610,670,1453,1398,1062,6269,-1,41,-659
2018-10-21,1777,6166,1217,1474,1395,535,6670,231,42,-504
2018-10-21,1786,6990,1327,1508,1398,1008,7073,0,45,-82
2018-10-22,1629,5457,748,1309,1394,1317,6435,-1,40,-979
2018-10-22,1743,7337,1812,1467,1400,1347,7816,0,48,-479
2018-10-22,1753,7204,1858,1548,1332,376,7309,396,46,-105
2018-10-22,1753,7891,1983,1594,1381,363,7119,0,46,771
2018-10-23,1751,5833,1066,1542,1382,19,5803,0,43,30
2018-10-23,1757,7786,2099,1582,1383,5,7068,193,48,718
2018-10-23,1859,7235,1464,1509,1382,371,7018,388,45,217
2018-10-23,1801,7129,1105,1514,1382,2071,7921,1,48,-792
2018-10-24,1635,5804,540,690,1387,2387,6683,0,45,-880
2018-10-24,1836,7830,1998,1170,1379,2262,8891,199,48,-1062
2018-10-24,1726,7364,2212,1163,1373,1667,8317,126,49,-952
2018-10-24,1795,6638,918,1114,1383,2415,7666,-1,41,-1028
2018-10-25,1776,6305,434,1106,1385,2381,7124,-1,43,-818
2018-10-25,1741,7618,1363,1532,1312,2099,8715,623,45,-1097
2018-10-25,1824,8223,2725,1577,1377,1014,8593,30,46,-371
2018-10-26,1816,6135,946,1281,1391,1714,7193,-1,45,-1057
2018-10-26,1812,7528,2141,1161,1395,1224,7780,0,47,-251
2018-10-26,1805,7245,1727,1507,1373,107,7156,587,49,89
2018-10-26,1871,8016,1362,1493,1383,775,6933,-1,49,1083
2018-10-27,1885,5914,1353,1515,1395,331,6524,-1,45,-609
2018-10-27,1837,6808,1296,1312,1395,552,6479,44,43,329
2018-10-27,1775,6334,919,1468,1390,795,6812,418,46,-478
2018-10-27,1857,7222,1349,1508,1395,1367,7520,0,43,-298
2018-10-28,1710,5333,819,1086,1393,432,5480,-1,40,-147
2018-10-28,1754,5960,1286,1071,1386,261,6210,413,41,-250
2018-10-28,1754,5827,1151,1074,1383,546,6100,154,38,-273
2018-10-28,1688,6170,1026,1058,1391,1615,6819,0,42,-650
2018-10-29,1737,5546,675,1129,1389,983,5953,0,41,-407
2018-10-29,1751,7464,1823,1503,1357,332,7304,496,42,160
2018-10-29,1760,7352,1731,1465,1347,589,6950,20,38,402
2018-10-29,1762,6243,1486,1529,1379,616,6820,0,47,-577
2018-10-30,1721,5963,808,1114,1393,889,5973,0,48,-10
2018-10-30,1757,7311,1857,1518,1337,727,7766,523,46,-455
2018-10-30,1809,8109,1998,1582,1367,967,7770,0,47,338
2018-10-31,1659,5769,688,1452,1390,382,5615,0,44,154
2018-10-31,1624,6999,1799,1193,1387,3,6057,5,45,942
2018-10-31,1802,7220,1575,1497,1354,161,7033,603,41,187
2018-10-31,1775,8019,1753,1535,1383,602,7091,0,44,928
2018-11-01,1416,5718,546,1132,1393,847,5375,-1,42,343
2018-11-01,1872,7451,1961,1491,1388,236,7047,53,45,404
2018-11-01,1845,7196,1613,1560,1354,728,7335,189,47,-140
2018-11-01,1753,7643,2095,1640,1375,468,7379,0,47,264
2018-11-02,1620,5777,791,1227,1387,236,5308,0,46,470
2018-11-02,1818,7636,1788,1635,1197,239,6853,126,50,783
2018-11-02,1852,7189,1346,1575,1213,496,6599,70,48,590
2018-11-02,1823,6915,1504,1592,1373,446,6786,0,48,129
2018-11-03,1839,5724,1084,1613,1382,106,6067,0,44,-344
2018-11-03,1912,6777,1062,1503,1390,179,6399,309,43,378
2018-11-03,1799,7078,1025,1556,1391,185,6002,0,46,1077
2018-11-03,1762,5957,1280,1506,1391,173,6156,-1,44,-198
2018-11-04,1736,5494,891,1192,1384,60,5305,-1,43,189
2018-11-04,1624,5720,954,1568,1391,34,6251,634,45,-530
2018-11-04,1750,7132,1145,1587,1396,274,6197,0,44,936
2018-11-05,1668,5439,1012,1577,1394,49,5739,-1,40,-301
2018-11-05,1769,6914,1631,1569,1391,238,6644,0,46,270
2018-11-05,2036,7392,1774,1587,1314,105,7344,477,50,49
2018-11-05,2156,8288,1552,1574,1382,1082,7799,-1,53,489
2018-11-06,2024,5943,748,1629,1383,630,6462,-1,49,-520
2018-11-06,2145,7826,1934,1584,1393,362,7527,55,53,298
2018-11-06,2152,7595,1830,1674,1377,415,7702,200,54,-107
2018-11-06,2163,7837,2021,1697,1390,376,7698,-1,52,140
2018-11-07,1941,5911,954,1672,1393,291,6301,-1,50,-389
2018-11-07,1961,7759,2002,1699,1370,127,7444,236,48,315
2018-11-07,1956,7528,1919,1707,1379,143,7195,39,51,333
2018-11-07,1945,7018,2038,1735,1378,216,7362,-1,51,-344
2018-11-08,1837,6133,1324,1664,1387,250,6510,-1,47,-377
2018-11-08,1837,7450,1611,1657,1362,137,7001,345,50,449
2018-11-08,1818,7916,1628,1704,1365,193,6755,5,41,1160
2018-11-08,1820,6331,1067,1710,1387,226,6259,-1,50,72
2018-11-09,1778,6570,1112,1697,1394,127,6159,0,51,411
2018-11-09,1791,7404,1632,1675,1370,58,7236,657,51,168
2018-11-09,1846,8290,1776,1781,1389,268,7109,-1,50,1181
2018-11-10,1895,6101,1309,1777,1396,77,6503,-1,50,-402
2018-11-10,1834,6648,1428,1769,1391,69,6542,1,51,105
2018-11-10,2109,7031,1250,1809,1396,46,7236,573,52,-205
2018-11-10,2203,7762,1147,1837,1395,398,7032,0,52,730
2018-11-11,1910,5756,699,1338,1396,167,5558,0,49,199
2018-11-11,1888,6201,1003,1313,1396,94,5911,167,51,290
2018-11-11,1952,6068,1153,1318,1396,143,6394,384,49,-327
2018-11-11,2172,7073,1388,1332,1404,609,6955,-1,50,118
2018-11-12,1939,5651,744,1324,1397,347,5800,-1,50,-149
2018-11-12,2191,8055,1823,1538,1331,445,7678,296,54,377
2018-11-12,2173,7573,1301,1743,1367,898,7630,94,54,-57
2018-11-12,2129,7206,1790,1783,1382,844,7976,0,48,-770
2018-11-13,2037,6065,829,1749,1398,694,6756,0,50,-691
2018-11-13,2173,8102,1675,1796,1384,930,8284,272,54,-182
2018-11-13,2156,8413,1714,1840,1382,546,7693,0,56,720
2018-11-13,2155,6635,1101,1756,1392,418,6873,0,52,-238
2018-11-14,2217,6454,1280,1784,1398,169,6897,0,50,-443
2018-11-14,2226,7923,1823,1815,1345,15,7484,212,49,439
2018-11-14,2215,8616,1909,1847,1387,6,7427,11,53,1189
2018-11-15,2143,6341,1174,1779,1395,243,6782,-1,50,-441
2018-11-15,2079,7458,1472,1767,1396,684,7451,0,54,7
2018-11-15,2085,8106,1734,1761,1309,885,8212,391,47,-106
2018-11-15,2020,8509,1780,1852,1382,1411,8500,-1,56,9
2018-11-16,1691,6237,663,1428,1395,2158,7388,-1,53,-1151
2018-11-16,2005,8303,1772,1515,1392,2397,9169,28,60,-866
2018-11-16,1929,8052,1798,1494,1370,2230,9051,176,54,-999
2018-11-16,2050,8209,1831,1390,1388,1840,8556,-1,56,-347
2018-11-17,1788,6138,1111,1065,1396,1672,7085,-1,53,-947
2018-11-17,1826,7791,1993,1087,1396,1473,7935,105,55,-144
2018-11-17,1838,7574,2306,1061,1400,1149,7847,33,60,-273
2018-11-17,1824,7307,1975,1079,1388,1137,7460,0,56,-153
2018-11-18,1804,5839,1422,1061,1394,786,6521,0,53,-682
2018-11-18,1851,6789,1340,1064,1394,266,6216,252,49,573
2018-11-18,2053,7451,1344,1096,1400,258,6199,-1,50,1251
2018-11-18,1803,6599,1297,1010,1396,1203,6757,-1,49,-158
2018-11-19,1748,6426,686,1221,1399,2448,7552,0,51,-1126
2018-11-19,2023,8784,1914,1597,1386,2119,9135,50,46,-351
2018-11-19,2015,8930,1789,1562,1356,2490,9260,-1,49,-330
2018-11-20,1720,6655,589,1482,1390,2245,7471,-1,46,-816
2018-11-20,2038,7595,1038,1507,1399,1582,7612,0,48,-17
2018-11-20,2050,8701,2238,2005,1345,371,8139,84,46,562
2018-11-20,2063,9013,2260,2025,1395,348,8137,0,47,876
2018-11-21,1937,6446,1221,1991,1394,572,7162,-1,47,-716
2018-11-21,2041,8440,1948,1909,1395,1370,8711,1,47,-271
2018-11-21,1984,8623,1944,2073,1375,2001,9457,28,53,-835
2018-11-21,1997,8654,1701,2094,1383,2102,9328,-1,51,-675
2018-11-22,1999,6624,751,1352,1391,2154,7692,-1,46,-1068
2018-11-22,2241,9153,2857,2040,1356,1127,9708,34,53,-555
2018-11-22,2258,8775,2316,2119,1333,366,8451,15,45,324
2018-11-22,2321,7790,1413,2082,1391,92,7349,-1,51,441
2018-11-23,2103,6572,717,2065,1396,45,6376,-1,49,196
2018-11-23,2444,8880,1859,2133,1367,16,7964,94,51,916
2018-11-23,2340,8981,1838,2156,1387,26,7796,0,50,1185
2018-11-23,2277,7104,752,2005,1393,22,6500,0,50,605
2018-11-24,2404,6568,693,2003,1394,36,6579,-1,50,-11
2018-11-24,2541,7930,1137,2140,1397,152,7621,204,50,309
2018-11-24,2478,8479,1179,2158,1395,680,7938,0,49,541
2018-11-25,2260,6334,880,1985,1394,677,7242,0,46,-908
2018-11-25,2296,6418,978,1984,1398,220,6922,0,45,-504
2018-11-25,2235,7048,1218,2073,1398,87,7217,163,44,-170
2018-11-25,2432,7878,1068,2068,1395,545,7553,-1,46,325
2018-11-26,1796,6072,614,1499,1399,1704,7062,0,51,-990
2018-11-26,2070,8699,1470,2047,1394,1942,8995,14,57,-296
2018-11-26,2153,8562,1985,2061,1336,523,8198,84,56,364
2018-11-26,2149,8354,1540,2148,1388,300,7579,-1,55,775
2018-11-27,1822,6304,434,1958,1400,681,6346,-1,53,-43
2018-11-27,2148,8742,1867,2047,1357,481,8015,53,63,727
2018-11-27,2298,8580,1740,2097,1353,781,8333,1,62,248
2018-11-27,2078,7924,1247,2016,1394,1909,8709,0,65,-785
2018-11-28,2018,6603,798,1552,1400,2035,7868,-1,64,-1264
2018-11-28,2156,9168,1693,1989,1365,2296,9653,85,68,-485
2018-11-28,2137,9277,1680,2004,1370,2294,9556,6,65,-279
2018-11-28,2020,7389,855,2035,1386,2475,8836,0,66,-1447
2018-11-29,1888,7131,796,1541,1395,2352,8039,0,68,-908
2018-11-29,2021,8977,1480,1987,1360,2176,9453,361,70,-476
2018-11-29,1934,9445,1361,2086,1373,2389,9212,0,70,234
2018-11-30,1863,7188,750,1981,1399,2408,8468,0,68,-1280
2018-11-30,1941,7034,740,1648,1391,2296,8084,-1,68,-1050
2018-11-30,1894,7695,1072,2026,1395,1699,8628,474,68,-933
2018-11-30,2132,8356,1512,2184,1394,905,8191,-1,65,165
2018-12-01,2119,6494,799,2125,1390,646,7141,-1,62,-647
2018-12-01,2141,7310,1013,2137,1397,607,7370,10,67,-60
2018-12-01,2086,7539,1078,2132,1391,362,7491,378,65,47
2018-12-01,2098,8026,1266,2258,1391,118,7192,-1,61,834
2018-12-02,2099,6224,894,2225,1394,14,6686,-1,62,-462
2018-12-02,2086,7214,1218,2120,1391,20,7057,159,64,156
2018-12-02,2105,7166,1131,2122,1394,-5,6946,136,63,220
2018-12-02,2118,7553,1202,2136,1395,75,6988,-1,62,564
2018-12-03,2053,6402,812,1676,1393,291,6285,-1,61,117
2018-12-03,2381,9224,1807,2176,1394,639,8709,248,64,514
2018-12-03,2478,9203,1955,2195,1393,697,8788,4,67,415
2018-12-03,2400,7631,1194,2099,1390,330,7477,-1,64,154
2018-12-04,2364,7010,598,2077,1394,161,6656,-1,62,353
2018-12-04,2401,9032,1649,2182,1318,46,7918,258,65,1114
2018-12-04,2489,9561,1873,2182,1342,13,7965,-1,66,1596
2018-12-05,2122,7214,971,2074,1394,28,6650,-1,61,564
2018-12-05,2093,7771,919,2159,1398,418,7046,-1,60,725
2018-12-05,2113,8999,1258,2039,1369,1641,8699,216,63,300
2018-12-05,2070,9378,1306,1946,1393,2714,9491,-1,63,-113
2018-12-06,1632,6954,699,1565,1396,2663,8012,-1,59,-1058
2018-12-06,2145,8660,1440,1594,1397,2272,8907,0,59,-247
2018-12-06,2039,8611,1106,1938,1365,2172,9010,327,62,-399
2018-12-06,2094,9056,2170,1483,1387,955,8148,-1,61,908
2018-12-07,2073,6958,871,1990,1394,814,7207,-1,66,-249
2018-12-07,2077,9244,2284,2051,1387,239,8132,28,66,1112
2018-12-07,2050,8899,2186,2131,1348,193,8013,39,66,886
2018-12-07,2148,8467,1761,2147,1381,349,7851,-1,66,616
2018-12-08,2189,6831,1024,1882,1383,304,6836,-1,55,-5
2018-12-08,2176,8489,1322,2217,1397,282,7582,135,53,907
2018-12-08,2216,8294,1601,2225,1393,213,7701,-1,53,593
2018-12-08,2164,7331,1121,2216,1392,207,7151,-1,52,180
2018-12-09,1864,6260,735,1687,1395,337,6067,-1,51,193
2018-12-09,2184,7269,1059,2042,1391,486,7483,269,53,-215
2018-12-09,2218,8090,1337,2218,1397,165,7388,1,51,702
2018-12-09,2161,6632,1033,1982,1391,137,6760,-1,57,-127
2018-12-10,2184,7241,798,1605,1397,66,6103,0,54,1139
2018-12-10,2193,9023,1826,1968,1325,232,7733,133,56,1290
2018-12-10,2193,9228,1984,1960,1360,42,7596,0,58,1631
2018-12-11,2175,6836,812,1957,1373,291,6662,-1,54,174
2018-12-11,2228,8535,1270,1825,1382,942,7684,-1,50,851
2018-12-11,2363,9088,1594,1855,1347,852,8201,138,52,887
2018-12-11,2283,9156,1438,1882,1391,789,7833,-1,50,1324
2018-12-12,2276,6677,660,1896,1391,371,6638,-1,46,39
2018-12-12,2255,9046,1728,1669,1394,521,7630,18,45,1415
2018-12-12,2309,8637,1447,1933,1372,408,7621,107,45,1016
2018-12-12,1998,8618,1632,1974,1386,643,7681,0,49,936
2018-12-13,2006,6706,748,1937,1390,500,6631,0,50,76
2018-12-13,2247,9236,1457,1912,1377,928,8186,212,52,1051
2018-12-13,2370,8890,1265,1978,1335,713,7748,34,52,1143
2018-12-13,2264,7904,1300,1945,1379,527,7469,-1,55,434
2018-12-14,2388,6901,847,2021,1391,73,6775,-1,56,125
2018-12-14,2405,9083,2030,2038,1321,202,8255,206,52,828
2018-12-14,2468,9464,1948,1928,1373,545,8316,-1,56,1148
2018-12-14,2481,7592,1087,1956,1389,1199,8164,-1,54,-572
2018-12-15,1956,7105,752,1557,1395,2187,7901,-1,53,-796
2018-12-15,2254,8445,989,2043,1396,2250,9011,26,52,-566
2018-12-15,2209,8975,1184,2040,1394,2272,9152,-1,53,-178
2018-12-16,1790,6751,816,1942,1387,2104,8088,-1,49,-1337
2018-12-16,1688,6731,845,1373,1392,2295,7640,-1,46,-909
2018-12-16,1802,7372,1069,1587,1395,2252,8162,11,46,-790
2018-12-16,1647,8220,1384,1495,1393,2259,8224,-1,47,-4
2018-12-17,1571,6252,726,1392,1398,1810,6943,-1,47,-691
2018-12-17,1955,8840,1347,1716,1394,1838,8301,0,51,539
2018-12-17,1902,9038,1601,2083,1364,1416,8427,13,49,612
2018-12-17,1945,8908,1712,2075,1382,1149,8314,-1,50,595
2018-12-18,2024,6744,946,2101,1392,682,7197,-1,53,-453
2018-12-18,1890,9218,2658,2103,1388,373,8461,2,47,756
2018-12-18,2032,8861,1932,2085,1391,813,8306,2,52,554
2018-12-18,2091,8232,1664,2096,1389,1308,8602,-1,55,-371
2018-12-19,1991,6780,676,1544,1393,1549,7203,-1,51,-423
2018-12-19,2067,9356,1772,1911,1358,1706,8880,17,50,476
2018-12-19,2089,9377,1548,1938,1374,1558,8560,1,51,817
2018-12-19,2114,7590,1117,1971,1384,796,7434,0,53,156
2018-12-20,2171,7313,1000,1994,1394,203,6813,-1,51,500
2018-12-20,2154,9176,1854,2103,1323,5,7517,25,54,1659
2018-12-20,2176,9391,2093,2126,1381,4,7834,-1,55,1557
2018-12-21,2179,7140,1106,2113,1387,31,6866,-1,52,274
2018-12-21,2074,8197,1680,2084,1390,8,7289,-1,55,908
2018-12-21,2158,8711,1728,2098,1355,3,7439,45,52,1273
2018-12-21,2128,8887,1777,2121,1374,-14,7438,-1,53,1450
2018-12-22,2025,6758,1081,1935,1384,32,6509,-1,54,249
2018-12-22,1989,7798,1228,1954,1388,838,7456,5,54,342
2018-12-22,1907,7763,1184,1928,1394,1796,8350,89,53,-587
2018-12-22,1924,8129,1342,1954,1394,1901,8566,-1,51,-436
2018-12-23,1475,6168,656,1353,1394,1997,6923,-1,49,-755
2018-12-23,1713,6981,1055,1510,1391,1481,7355,154,50,-374
2018-12-23,1777,7167,1584,2083,1398,526,7459,44,48,-292
2018-12-23,1796,7289,2214,2105,1385,208,7755,-1,48,-467
2018-12-24,1469,5886,644,1581,1385,808,5928,-1,42,-42
2018-12-24,1831,7690,1720,1668,1356,966,7682,96,45,8
2018-12-24,1763,8222,1473,1551,1366,2063,8256,-1,42,-34
2018-12-24,1420,6504,892,1281,1396,2661,7687,-1,36,-1182
2018-12-25,1280,5702,661,980,1397,2620,6972,-1,35,-1270
2018-12-25,1307,6054,1378,947,1395,1662,7133,407,38,-1079
2018-12-25,1811,6891,1958,1086,1397,793,7081,-1,37,-190
2018-12-26,1784,5801,1441,1081,1393,641,6372,-1,33,-571
2018-12-26,1734,5772,1398,1052,1397,870,6484,-1,34,-712
2018-12-26,1650,6274,1581,974,1393,1165,7137,338,34,-863
2018-12-26,1756,7173,1716,1077,1398,1449,7430,0,35,-257
2018-12-27,1602,5640,997,1008,1397,1173,6212,0,35,-572
2018-12-27,1606,6865,1480,1110,1394,1074,6707,2,40,158
2018-12-27,1600,7007,1499,1843,1361,754,7303,204,43,-296
2018-12-27,1681,7560,1951,1920,1385,560,7539,-1,42,21
2018-12-28,1469,5774,946,1462,1398,1135,6449,-1,41,-675
2018-12-28,1728,7676,1547,1855,1367,1201,7845,102,45,-169
2018-12-28,1778,7551,1925,1977,1346,507,7586,21,45,-35
2018-12-28,1732,7203,1827,1880,1380,289,7153,-1,44,50
2018-12-29,1733,5798,1216,1897,1389,115,6391,-1,41,-593
2018-12-29,1787,7368,1463,1959,1398,388,7160,132,34,208
2018-12-29,1293,7712,1321,1834,1396,1905,7783,-1,34,-71
2018-12-29,1449,6490,1235,1871,1395,1083,7062,-1,30,-573
2018-12-30,1602,5689,964,1108,1393,544,5641,-1,30,48
2018-12-30,1651,6836,1536,1883,1390,184,6796,119,33,40
2018-12-30,1718,7753,1785,1971,1392,-12,6887,-1,33,866
2018-12-31,1751,6079,1281,1915,1395,-2,6371,-1,31,-293
2018-12-31,1714,6032,1496,1502,1394,7,6144,-1,33,-112
2018-12-31,1699,7202,2053,1974,1333,-24,7263,196,32,-61
2018-12-31,1678,7759,1982,1915,1385,-2,6989,-1,32,770
2019-01-01,1618,6052,1063,1425,1394,109,5638,-1,30,413
2019-01-01,1278,5483,1241,1422,1388,75,5438,-1,34,45
2019-01-01,1419,5718,1234,1408,1391,80,5743,177,34,-25
2019-01-01,1291,6581,1520,1363,1393,1020,6621,-1,34,-39
2019-01-02,1248,5332,640,1034,1392,1802,6150,-1,35,-818
2019-01-02,1171,6350,1371,1580,1389,1437,7056,70,38,-705
2019-01-02,1468,6527,1555,1962,1391,643,7126,71,37,-598
2019-01-03,1305,5739,945,1772,1393,849,6299,-1,36,-560
2019-01-03,1710,7941,1713,1874,1348,180,7010,142,44,932
2019-01-03,1738,8582,2312,1966,1300,716,8074,-1,44,508
2019-01-03,1205,6809,995,1815,1387,2509,7951,-1,42,-1143
2019-01-04,1387,6746,1064,1322,1396,2719,7929,-1,42,-1182
2019-01-04,1406,8290,1365,1885,1308,2515,8754,228,47,-464
2019-01-04,1762,8633,1825,1994,1384,568,7577,-1,45,1056
2019-01-05,1745,6497,1164,1981,1388,58,6376,0,41,120
2019-01-05,1688,6929,1146,1895,1392,152,6316,0,43,613
2019-01-05,1704,7661,1192,1901,1392,373,7012,408,43,649
2019-01-05,1440,8254,1400,1562,1393,1627,7462,-1,40,792
2019-01-06,1461,6261,1082,1294,1397,1519,6791,-1,40,-530
2019-01-06,1619,6843,1178,1746,1397,367,6351,2,42,492
2019-01-06,1695,6916,956,1874,1392,1218,7247,60,53,-331
2019-01-06,1475,7687,1107,1548,1393,2251,7823,-1,50,-136
2019-01-07,1401,6212,702,1290,1391,2219,7050,-1,48,-837
2019-01-07,1487,8636,1203,1617,1318,2312,8044,50,57,591
2019-01-07,1383,8364,1067,1649,1332,2353,7887,46,57,477
2019-01-07,1375,7851,956,1485,1384,2362,7616,-1,56,234
2019-01-08,1952,6911,871,1896,1396,1283,7456,-1,58,-545
2019-01-08,2079,9353,1662,1988,1394,622,8102,296,61,1251
2019-01-08,1951,9343,1940,2015,1393,624,7984,-1,62,1359
2019-01-08,1909,7421,874,2042,1394,1376,7657,-1,63,-237
2019-01-09,1973,7223,949,1983,1396,899,7261,-1,62,-38
2019-01-09,2090,9083,1659,1991,1326,317,7722,275,64,1361
2019-01-09,2156,9306,2215,2006,1384,399,8221,-1,63,1085
2019-01-10,2227,7152,967,1907,1399,1503,8059,-1,57,-907
2019-01-10,2236,8224,1335,1609,1391,1624,8259,0,64,-35
2019-01-10,2159,9092,2029,2015,1350,362,8080,99,66,1012
2019-01-10,2267,9395,1976,2021,1379,431,8140,-1,67,1255
2019-01-11,2312,7072,1236,1587,1389,426,7010,-1,60,62
2019-01-11,2264,8814,1302,1745,1388,1693,8455,0,63,358
2019-01-11,2348,8875,1572,2004,1375,1070,8494,59,65,381
2019-01-11,2368,8759,1518,1952,1383,386,7670,-1,63,1089
2019-01-12,2189,6656,851,1915,1389,292,6693,-1,57,-37
2019-01-12,2365,8404,1354,2022,1387,927,8170,57,59,234
2019-01-12,2338,8068,1101,1908,1388,1337,8207,77,58,-139
2019-01-12,2503,7779,1203,2015,1383,488,7647,-1,56,132
2019-01-13,2234,6415,911,1571,1389,171,6329,-1,54,87
2019-01-13,2159,7418,1054,2015,1387,170,7010,166,58,408
2019-01-13,2141,8058,1202,2021,1392,777,7586,-1,55,472
2019-01-14,1574,6354,931,1502,1389,1254,6702,-1,53,-348
2019-01-14,1931,9342,1274,1992,1390,1886,8598,65,60,743
2019-01-14,1744,8486,1050,1889,1345,1995,8222,138,61,264
2019-01-14,1813,8110,1305,1968,1377,1446,7970,0,62,140
2019-01-15,1828,6636,836,1953,1391,880,6947,-1,60,-311
2019-01-15,1689,9226,1297,1480,1392,2324,8353,115,56,873
2019-01-15,1917,8786,1214,2071,1390,1184,7865,24,66,921
2019-01-15,1768,7485,1208,1890,1398,1471,7797,0,61,-312
2019-01-16,1731,7016,737,1571,1394,1756,7252,0,62,-236
2019-01-16,1532,8877,1184,1612,1357,2364,8346,232,65,531
2019-01-16,1784,9168,1558,2009,1384,1426,8222,-1,63,945
2019-01-17,1824,6906,1090,1934,1394,241,6534,-1,52,371
2019-01-17,1683,8194,1462,2059,1394,195,6851,-1,58,1343
2019-01-17,1365,8600,1354,1887,1356,718,7251,509,61,1350
2019-01-17,1483,8989,1251,1842,1390,1522,7550,-1,62,1439
2019-01-18,1405,6650,863,1937,1395,1312,6976,-1,64,-326
2019-01-18,1466,8827,1600,1930,1396,839,7309,12,66,1519
2019-01-18,1440,8217,1446,1681,1354,393,6720,342,64,1497
2019-01-18,1637,8446,1661,1936,1377,640,7317,-1,65,1130
2019-01-19,1566,6553,694,1497,1387,1557,6762,-1,61,-208
2019-01-19,1581,8206,1354,1928,1390,1042,7428,72,62,778
2019-01-19,1584,7962,1355,2053,1387,401,6875,34,61,1087
2019-01-19,1506,7579,1330,1746,1385,854,6873,-1,53,706
2019-01-20,1444,6246,757,1317,1387,1226,6186,-1,56,60
2019-01-20,1451,7319,822,1822,1390,1399,7003,60,59,316
2019-01-20,1468,7747,996,1847,1390,1140,6899,-1,58,848
2019-01-20,1479,6724,1064,1634,1392,853,6476,-1,55,248
2019-01-21,1385,6601,785,1324,1386,1975,6910,-1,55,-309
2019-01-21,1661,8768,1395,1846,1350,1444,7921,166,60,847
2019-01-21,1856,9067,1836,1967,1376,598,7695,-1,63,1373
2019-01-22,1652,6976,1475,1901,1381,163,6629,-1,57,348
2019-01-22,1834,7902,1268,1883,1392,96,6536,0,62,1366
2019-01-22,1883,9013,1612,1911,1340,501,7437,128,61,1576
2019-01-22,1612,9207,1547,1837,1388,1697,8144,-1,64,1063
2019-01-23,1655,6869,923,1181,1393,2213,7418,-1,55,-549
2019-01-23,1808,8698,1824,1489,1387,1798,8367,0,60,331
2019-01-23,1867,8608,1619,1856,1375,531,7461,156,59,1147
2019-01-23,1855,8793,1957,1885,1375,193,7324,-1,59,1469
2019-01-24,1978,6618,948,1789,1394,660,6821,-1,53,-203
2019-01-24,1910,8436,1830,1757,1393,1071,8036,17,58,400
2019-01-24,1671,8332,1541,1745,1392,1801,8229,21,58,103
2019-01-24,1635,7730,1507,1495,1390,1945,8026,-1,56,-297
2019-01-25,1688,6574,927,1784,1391,1561,7407,-1,57,-833
2019-01-25,1949,9132,2106,1858,1365,1051,8424,39,57,708
2019-01-25,1904,8877,1641,1908,1376,1534,8420,0,58,457
2019-01-25,1687,7218,860,1630,1380,1646,7256,-1,55,-39
2019-01-26,1695,6814,915,1410,1391,1436,6899,-1,53,-84
2019-01-26,1762,8212,1722,1391,1391,905,7295,69,53,917
2019-01-26,1884,8532,1848,1507,1385,95,6773,-1,55,1759
2019-01-27,1833,6563,1054,1439,1390,501,6269,-1,53,293
2019-01-27,1559,6517,968,1367,1389,284,5622,-1,55,895
2019-01-27,1499,7023,1479,1408,1388,7,6204,369,55,818
2019-01-27,1780,7984,1689,1424,1389,215,6551,0,54,1433
2019-01-28,1461,6295,892,1239,1393,1395,6432,-1,53,-137
2019-01-28,1672,9086,1971,1480,1389,1673,8259,19,56,826
2019-01-28,1682,8425,1432,1514,1338,1786,7951,141,58,474
2019-01-28,1707,8539,1474,1837,1382,1671,8125,-1,55,414
2019-01-29,1960,6614,1167,1830,1395,970,7373,-1,53,-759
2019-01-29,2007,9117,2017,1904,1354,582,8074,150,59,1043
2019-01-29,1964,8392,1654,1791,1352,698,7574,58,56,818
2019-01-29,1852,7703,1293,1816,1389,1648,8045,-1,47,-342
2019-01-30,1544,6740,976,1731,1402,1834,7538,-1,52,-798
2019-01-30,1894,8703,1988,1885,1373,825,8156,134,58,546
2019-01-30,1908,8556,1884,1888,1398,889,8023,0,56,533
2019-01-30,1923,7058,1274,1929,1393,436,7009,-1,55,49
2019-01-31,1783,6971,1189,1800,1402,767,6992,-1,52,-21
2019-01-31,1897,8869,1925,1824,1350,681,7887,151,58,982
2019-01-31,1849,9093,2179,1926,1377,109,7498,-1,59,1595
2019-02-01,1823,6798,1146,1848,1394,216,6483,-1,57,315
2019-02-01,1609,7886,1550,1640,1398,868,7123,0,59,763
2019-02-01,1632,8426,1809,1725,1337,723,7800,515,59,625
2019-02-01,1766,8770,2211,1917,1380,119,7450,-1,58,1320
2019-02-02,1592,6343,1396,1918,1392,488,6842,-1,57,-499
2019-02-02,1394,7250,1324,1692,1393,1454,7347,31,59,-97
2019-02-02,1429,6970,1691,1480,1398,544,6854,256,55,117
2019-02-02,1439,7655,1657,1887,1397,724,7159,-1,55,496
2019-02-03,1625,5905,1673,1520,1395,398,6663,-1,52,-758
2019-02-03,1591,6797,1873,1136,1394,296,6443,116,37,354
2019-02-03,1603,6625,1892,1210,1397,308,6537,74,53,88
2019-02-03,1604,6877,2229,1502,1391,478,7256,-1,52,-379
2019-02-04,1528,5824,1621,1515,1398,252,6366,-1,52,-541
2019-02-04,1609,8522,1948,1819,1378,2,7193,381,56,1329
2019-02-04,1437,8019,1995,1813,1335,131,6786,19,56,1233
2019-02-04,1378,6940,1333,1477,1384,1421,7045,-1,52,-105
2019-02-05,1320,6535,1437,1480,1395,1558,7239,-1,50,-704
2019-02-05,1643,8578,2174,1773,1312,805,7906,145,54,671
2019-02-05,1659,8764,2076,1804,1381,830,7803,-1,54,961
2019-02-06,1656,6684,1799,1876,1395,233,7010,-1,52,-326
2019-02-06,1518,7308,1943,1878,1400,901,7686,0,46,-378
2019-02-06,1367,8653,2274,1658,1383,1961,8870,182,46,-217
2019-02-06,1389,8948,2457,1738,1382,2100,9112,-1,46,-164
2019-02-07,1319,6691,1606,1072,1389,2388,7816,-1,43,-1125
2019-02-07,1584,8381,2770,1762,1382,1251,8797,2,46,-416
2019-02-07,1701,8520,2747,1918,1289,642,8528,175,56,-8
2019-02-07,1484,8495,2730,1934,1377,383,7963,-1,55,532
2019-02-08,1628,6558,2099,1511,1390,310,6992,-1,54,-434
2019-02-08,1836,8937,2799,1913,1353,222,8326,144,59,611
2019-02-08,1847,8740,2684,1912,1384,151,8034,-1,57,706
2019-02-09,1708,6950,2288,1928,1383,56,7419,-1,57,-469
2019-02-09,1640,6817,1779,1505,1384,31,6396,-1,59,421
2019-02-09,1867,7838,2376,1917,1391,-23,8022,437,56,-184
2019-02-09,1768,8424,2364,1913,1393,301,7795,-1,56,629
2019-02-10,1499,6411,1744,1340,1390,323,6347,-1,52,64
2019-02-10,1647,6651,1658,1328,1389,33,6121,8,57,530
2019-02-10,1446,6537,1680,1262,1391,19,6442,588,56,95
2019-02-10,1791,7693,2077,1552,1393,584,7453,-1,58,240
2019-02-11,1438,6022,1252,1326,1392,1527,6992,-1,58,-970
2019-02-11,1601,8625,2050,1530,1370,1338,8129,179,60,496
2019-02-11,1723,8188,1984,1827,1324,659,7749,167,65,439
2019-02-11,1732,8193,2131,1865,1386,979,8154,-1,64,39
2019-02-12,1607,6510,1698,1862,1388,394,7012,-1,63,-502
2019-02-12,1840,8879,2011,1842,1354,1242,8395,43,63,484
2019-02-12,1656,8513,2000,1839,1390,1636,8620,36,64,-108
2019-02-12,1600,7522,1727,1500,1390,1804,8086,-1,66,-563
2019-02-13,1504,6747,1048,1263,1400,2063,7338,-1,62,-591
2019-02-13,1828,8506,1807,1837,1392,1546,8871,396,65,-365
2019-02-13,1753,8461,2177,1869,1390,471,7740,14,66,721
2019-02-14,1654,6927,1689,1823,1389,515,7132,-1,63,-205
2019-02-14,1908,7478,1445,1906,1393,518,7232,-1,62,246
2019-02-14,1859,8508,1870,1841,1366,824,8224,401,63,283
2019-02-14,2077,9067,1966,1861,1379,1254,8600,-1,64,468
2019-02-15,1743,6762,1307,1694,1378,1306,7498,-1,70,-736
2019-02-15,2181,8230,1997,1879,1380,1133,8635,-1,66,-405
2019-02-15,1995,8349,1754,1856,1379,1575,8958,330,70,-609
2019-02-15,1808,8661,1741,1899,1377,1201,8090,0,65,572
2019-02-16,1839,6649,1489,1680,1383,522,6980,-1,68,-332
2019-02-16,1875,7810,1839,1520,1385,615,7592,292,65,218
2019-02-16,1554,7157,1418,1505,1386,480,6910,503,64,247
2019-02-16,2018,7719,1884,1777,1385,193,7321,-1,65,398
2019-02-17,1619,6026,1426,1266,1387,393,6151,-1,62,-125
2019-02-17,1653,6834,1553,1220,1381,455,6899,580,57,-65
2019-02-17,1633,6546,1058,1205,1385,657,6238,238,62,308
2019-02-17,1607,6673,1401,1245,1388,1594,7297,0,63,-624
2019-02-18,1620,6301,1160,1485,1385,656,6367,-1,62,-65
2019-02-18,1759,8192,1783,1601,1318,495,7759,737,66,433
2019-02-18,1889,8071,1882,1831,1357,2,7031,3,65,1040
2019-02-19,1857,6582,1346,1860,1383,244,6755,-1,66,-173
2019-02-19,2002,7627,1754,1885,1387,555,7645,0,63,-18
2019-02-19,1743,7961,1578,1778,1385,733,8028,745,66,-67
2019-02-19,1845,8683,1836,1500,1391,2082,8718,-1,65,-35
2019-02-20,1679,6428,922,1541,1392,1662,7260,-1,65,-833
2019-02-20,2163,8313,1842,1613,1386,420,7609,124,60,705
2019-02-20,1896,7759,1654,1764,1320,334,7620,585,67,139
2019-02-20,1865,8393,1894,1515,1377,1026,7741,-1,64,652
2019-02-21,1762,6352,1445,1861,1391,612,7130,-1,59,-778
2019-02-21,2198,8298,1635,1828,1312,241,7621,343,64,678
2019-02-21,1776,7831,1435,1473,1342,1194,7572,290,62,259
2019-02-21,1888,7566,1878,1887,1385,279,7380,-1,64,186
2019-02-22,1936,6599,1211,1877,1394,209,6683,-1,57,-84
2019-02-22,2065,8621,1764,1839,1358,204,7437,151,56,1184
2019-02-22,1621,8296,1152,1480,1382,2644,8362,26,58,-66
2019-02-22,1608,7247,939,1446,1383,2762,8192,-1,56,-945
2019-02-23,1607,6721,1001,1255,1388,2689,7991,-1,52,-1270
2019-02-23,1561,8037,1274,1751,1386,2602,9202,573,54,-1165
2019-02-23,1848,8415,1746,1890,1387,1371,8295,-1,54,119
2019-02-24,1602,6609,1467,1925,1393,1037,7478,-1,55,-869
2019-02-24,1793,6572,1357,1666,1394,629,6893,-1,55,-321
2019-02-24,1809,7069,1327,1859,1388,454,7369,476,55,-299
2019-02-24,1767,7951,1887,1891,1394,63,7054,-1,53,897
2019-02-25,1591,6169,1139,1891,1393,266,6337,-1,58,-168
2019-02-25,1812,8540,1634,1903,1393,448,7396,147,60,1144
2019-02-25,1585,8159,996,1482,1335,2044,8206,705,58,-48
2019-02-25,1818,8813,1390,1863,1384,2433,8948,-1,61,-135
2019-02-26,1634,6698,1123,1485,1393,1966,7658,-1,56,-960
2019-02-26,2237,8916,1442,1836,1355,1395,8661,337,59,255
2019-02-26,1972,8275,1265,1440,1377,1904,8227,213,57,48
2019-02-26,2088,7881,1642,1528,1388,1777,8483,-1,61,-601
2019-02-27,1918,6612,1045,1444,1398,1666,7534,-1,63,-922
2019-02-27,1938,8567,1485,1470,1387,2520,9299,437,61,-732
2019-02-27,2050,8170,1530,1480,1390,2092,8719,111,65,-549
2019-02-27,2427,7028,1384,1518,1393,624,7408,-1,63,-380
2019-02-28,2240,6964,1393,1513,1395,782,7383,-1,62,-419
2019-02-28,1860,8007,1065,1439,1336,2126,8714,828,60,-707
2019-02-28,1965,8441,1580,1443,1390,2694,9139,0,66,-698
2019-03-01,2051,6641,1194,1219,1397,1726,7646,-1,60,-1005
2019-03-01,2371,7569,1648,1445,1399,945,7871,0,64,-303
2019-03-01,2419,7881,1523,1747,1370,484,8197,592,61,-315
2019-03-01,2318,8533,1727,1801,1383,570,7862,0,64,671
2019-03-02,2185,6299,1200,1808,1392,350,6997,-1,61,-698
2019-03-02,1854,7217,1524,1473,1391,1266,7645,75,62,-428
2019-03-02,1811,6914,1352,1440,1394,688,7290,545,60,-376
2019-03-02,2228,7818,1822,1563,1389,249,7308,0,58,510
2019-03-03,1791,6385,1275,1290,1391,102,5936,30,57,448
2019-03-03,1810,6371,1271,1447,1390,134,6723,616,55,-352
2019-03-03,2286,7661,1666,1615,1389,937,7948,-1,56,-287
2019-03-04,1764,5799,1017,1238,1391,770,6232,-1,54,-433
2019-03-04,2255,8357,1882,1548,1392,971,8450,346,57,-93
2019-03-04,1888,7519,1381,1528,1335,1304,8032,545,50,-513
2019-03-04,2060,8066,1683,1588,1382,1615,8387,0,60,-321
2019-03-05,1611,6332,1198,1343,1388,1670,7264,-1,55,-932
2019-03-05,1804,8243,1357,1387,1385,2142,8597,462,59,-354
2019-03-05,1902,7653,1689,1372,1395,1927,8556,213,59,-903
2019-03-05,2092,7004,1861,1774,1398,396,7581,-1,61,-577
2019-03-06,1821,6386,1159,1814,1405,432,6690,-1,61,-304
2019-03-06,2078,7906,1688,1773,1372,554,8072,548,59,-166
2019-03-06,1766,7798,1248,1422,1394,1818,7733,36,49,65
2019-03-07,2119,6785,1519,1834,1404,258,7182,-1,48,-397
2019-03-07,1907,7121,1334,1721,1401,223,6640,-1,56,481
2019-03-07,1648,7865,1148,1376,1365,1658,7857,606,56,8
2019-03-07,1788,8545,1759,1357,1386,2350,8697,-1,57,-152
2019-03-08,1708,6335,1008,905,1399,2072,7145,-1,53,-809
2019-03-08,2248,7670,2202,1134,1396,526,7626,63,56,44
2019-03-08,2066,7459,1731,1078,1357,564,7376,526,54,83
2019-03-08,2177,8028,2376,1282,1384,474,7754,-1,61,274
2019-03-09,1509,6066,659,1104,1397,1172,5898,-1,58,168
2019-03-09,1611,6901,1800,1101,1395,564,6717,191,55,184
2019-03-09,1537,6343,446,1074,1402,908,5938,516,55,406
2019-03-09,1371,7231,841,883,1396,2332,6874,0,53,357
2019-03-10,1408,5607,1050,876,1392,916,5692,0,49,-84
2019-03-10,1296,6345,859,863,1395,2608,7582,515,45,-1237
2019-03-10,966,5957,1090,823,1394,2523,7100,257,49,-1143
2019-03-10,1063,6292,1636,874,1396,1405,6425,-1,52,-133
2019-03-11,1114,5665,632,885,1401,2094,6175,-1,50,-511
2019-03-11,1080,7423,1048,1061,1360,2183,7465,678,55,-43
2019-03-11,1380,7420,2315,875,1343,795,6778,14,57,642
2019-03-12,1135,6383,1839,879,1384,1757,7048,-1,56,-665
2019-03-12,1339,6812,2227,955,1387,1489,7452,-1,56,-640
2019-03-12,1438,7961,2780,1357,1374,945,8301,351,56,-340
2019-03-12,1520,8391,3150,1420,1387,114,7648,-1,57,743
2019-03-13,1499,6382,1574,1138,1388,1209,6860,-1,52,-478
2019-03-13,1495,7624,2241,1111,1388,957,7362,115,55,261
2019-03-13,1666,7544,2551,1416,1361,13,7677,611,60,-133
2019-03-13,1850,8378,2641,1472,1383,841,8242,-1,55,136
2019-03-14,1616,6207,1795,1131,1386,871,6851,-1,54,-643
2019-03-14,1828,8048,2632,1154,1388,471,7781,250,57,267
2019-03-14,1698,7587,2541,1190,1369,241,7359,262,58,228
2019-03-14,1850,7912,2557,1339,1382,683,7866,0,56,46
2019-03-15,1719,6164,1733,1299,1390,186,6385,0,57,-221
2019-03-15,1756,7943,2437,1154,1376,23,7357,551,59,586
2019-03-15,1714,7558,2288,1104,1385,283,7056,226,57,502
2019-03-15,1607,7039,2069,1070,1392,898,7088,0,53,-49
2019-03-16,1631,6217,1651,877,1391,954,6549,-1,45,-332
2019-03-16,1480,7475,1804,812,1400,2550,8426,338,43,-951
2019-03-16,1480,7196,1535,812,1388,2508,7833,56,54,-637
2019-03-16,1994,6284,2350,872,1388,423,7074,-1,49,-790
2019-03-17,1485,5823,1363,792,1392,341,5425,-1,53,398
2019-03-17,1476,6087,1127,744,1395,441,6009,773,53,77
2019-03-17,1638,6910,2249,765,1396,126,6224,-1,51,686
2019-03-18,1483,5708,1006,776,1395,1016,5725,-1,50,-17
2019-03-18,1460,7213,1818,946,1394,996,6779,110,56,435
2019-03-18,1476,7322,1384,952,1363,1607,7583,750,51,-261
2019-03-18,1577,8294,2302,991,1386,2376,8677,-1,46,-382
2019-03-19,1430,6022,1253,766,1382,2063,6934,-1,41,-912
2019-03-19,1442,7783,2273,999,1393,1507,7944,281,50,-161
2019-03-19,1490,7393,1965,975,1374,1282,7569,433,49,-176
2019-03-19,1620,7820,2819,1011,1394,740,7632,-1,49,188
2019-03-20,1655,6096,2255,991,1399,287,6633,-1,47,-537
2019-03-20,1501,7883,2501,972,1395,493,7206,293,50,676
2019-03-20,1497,7364,1716,972,1331,1698,7425,159,52,-61
2019-03-20,1574,7217,2324,990,1378,1173,7486,-1,48,-270
2019-03-21,1619,6143,1828,1211,1392,583,6677,-1,44,-535
2019-03-21,1609,7933,2626,1252,1376,166,7458,377,53,475
2019-03-21,1509,7312,2431,1243,1379,209,6970,143,55,342
2019-03-21,1694,6569,2095,1255,1384,514,6994,-1,52,-425
2019-03-22,1625,6398,2039,1647,1395,294,7052,0,53,-655
2019-03-22,1410,7392,2116,1209,1354,859,7821,829,45,-429
2019-03-22,1551,7488,2654,1317,1364,499,7443,3,54,46
2019-03-23,1515,6157,1480,1356,1374,1395,7172,-1,52,-1015
2019-03-23,1479,6446,2262,794,1373,908,6931,62,53,-486
2019-03-23,1326,6739,1012,749,1379,2550,7812,744,51,-1072
2019-03-23,1672,7820,2903,811,1376,921,7735,-1,53,85
2019-03-24,1618,5629,2239,676,1370,27,5979,-1,49,-349
2019-03-24,1509,5894,2033,637,1375,-5,5941,339,52,-47
2019-03-24,1368,5603,1631,600,1377,128,5898,748,46,-295
2019-03-24,1602,7021,2032,787,1393,727,6589,-1,49,431
2019-03-25,1394,5447,1172,790,1399,444,5245,1,46,201
2019-03-25,1392,7410,2215,776,1370,305,6672,567,48,738
2019-03-25,1390,6949,1570,755,1367,1242,6784,408,52,165
2019-03-25,1463,7060,2176,786,1384,990,6847,-1,49,213
2019-03-26,1386,5939,1104,768,1393,882,5582,-1,49,357
2019-03-26,1406,7946,2249,936,1386,1227,7659,402,51,287
2019-03-26,1530,7615,2135,1138,1388,918,7266,102,54,349
2019-03-26,1693,6704,2204,965,1398,233,6539,-1,47,165
2019-03-27,1546,6404,1704,759,1394,625,6075,0,48,330
2019-03-27,1446,7413,1969,714,1377,1623,7899,719,52,-487
2019-03-27,1471,7421,2034,721,1383,1495,7185,30,51,236
2019-03-28,1769,6376,2500,796,1393,478,6987,-1,51,-611
2019-03-28,1659,6956,1979,854,1390,444,6423,50,48,533
2019-03-28,1548,7423,2376,1117,1365,222,7517,841,47,-94
2019-03-28,1699,8351,2839,1163,1376,215,7346,-1,55,1004
2019-03-29,1638,6141,1847,978,1380,64,5956,-1,50,186
2019-03-29,1636,7616,2366,960,1390,500,7166,261,54,450
2019-03-29,1575,7329,2027,928,1369,264,6842,627,54,487
2019-03-29,1618,8061,2610,1161,1367,179,6983,-1,49,1078
2019-03-30,1549,5997,1414,746,1372,377,5508,-1,50,490
2019-03-30,1502,6897,1635,721,1365,303,6024,448,49,873
2019-03-30,1459,6272,1482,718,1370,386,6035,569,51,237
2019-03-30,1531,7109,2122,771,1371,120,5963,-1,48,1146
2019-03-31,1479,5613,1610,649,1372,38,5195,-1,47,418
2019-03-31,1431,5774,1418,634,1390,-7,5682,765,50,92
2019-03-31,1332,5676,1356,647,1394,311,5411,321,49,265
2019-04-01,1448,5785,1439,645,1398,155,5133,0,49,652
2019-04-01,1359,6285,1629,631,1392,601,5662,0,50,623
2019-04-01,1610,7266,1815,574,1317,885,7086,834,51,180
2019-04-01,1675,7068,2314,586,1366,565,6605,49,51,463
2019-04-02,1391,5970,1316,599,1391,2409,7152,-1,47,-1182
2019-04-02,1668,7884,2160,588,1378,1995,8061,218,53,-177
2019-04-02,1694,7257,1927,579,1385,1160,7239,440,54,18
2019-04-02,1826,7033,2563,644,1383,170,6637,0,52,396
2019-04-03,1478,6163,1755,623,1394,612,5911,0,50,251
2019-04-03,1766,7545,1960,608,1362,455,6918,714,53,627
2019-04-03,1666,7011,1857,597,1381,574,6409,285,49,602
2019-04-04,1669,6466,1793,617,1383,371,5878,0,46,588
2019-04-04,1683,6642,1734,618,1384,130,5597,0,48,1044
2019-04-04,1680,7413,1761,580,1340,851,7032,768,53,380
2019-04-04,1711,7226,1742,596,1366,1220,6753,71,47,473
2019-04-05,1769,6101,1389,617,1384,1295,6503,0,49,-402
2019-04-05,1678,7318,1913,620,1395,1425,7108,26,50,210
2019-04-05,1669,7400,1405,568,1344,2106,7944,802,51,-543
2019-04-05,1637,7956,1936,577,1380,1882,7462,-1,50,494
2019-04-06,1625,5969,1357,574,1395,1098,6096,-1,47,-127
2019-04-06,1854,6877,1823,580,1393,819,6637,119,50,240
2019-04-06,1561,6510,1722,581,1394,747,6647,595,47,-137
2019-04-06,1805,7724,2145,593,1396,875,6860,0,47,864
2019-04-07,1587,5602,1872,573,1394,120,5590,-1,45,12
2019-04-07,1470,6124,1523,573,1395,1060,6344,273,50,-220
2019-04-07,1425,5831,1530,570,1399,1030,6300,301,46,-469
2019-04-07,1782,6502,1847,585,1393,390,6043,0,47,458
2019-04-08,1605,5500,1516,559,1390,266,5383,-1,48,117
2019-04-08,1793,7652,2526,543,1360,645,7218,301,50,434
2019-04-08,1745,7170,2204,580,1336,609,6709,184,50,460
2019-04-08,1779,6553,1704,571,1387,610,6099,-1,49,454
2019-04-09,1644,6421,1264,564,1394,1320,6237,-1,51,183
2019-04-09,1553,7416,1615,554,1348,1541,7123,462,50,293
2019-04-09,1802,7216,2025,560,1390,778,6679,71,52,538
2019-04-10,1783,5978,1725,587,1385,69,5598,0,49,379
2019-04-10,1866,7296,2487,556,1385,175,6555,44,41,741
2019-04-10,1865,7249,2215,540,1363,86,6630,529,32,618
2019-04-10,1909,7909,2709,570,1377,113,6714,0,35,1195
2019-04-11,1790,5765,1547,550,1396,246,5566,0,37,198
2019-04-11,1841,7855,2796,601,1387,110,6900,126,40,955
2019-04-11,1844,7514,2581,586,1367,421,7085,235,51,429
2019-04-11,1834,7639,2615,594,1377,194,6666,0,53,973
2019-04-12,1767,5900,1773,564,1389,129,5674,0,52,227
2019-04-12,1935,7859,2941,575,1327,180,7279,268,54,580
2019-04-12,1631,7208,2512,564,1372,449,6836,253,56,372
2019-04-12,1572,6770,1852,569,1382,672,6100,0,52,671
2019-04-13,1288,5945,1435,586,1381,1153,5891,0,49,54
2019-04-13,1576,7424,2548,580,1382,843,7220,238,53,204
2019-04-13,1697,7074,1962,589,1384,813,6575,79,52,499
2019-04-14,1427,6032,1449,579,1389,1200,6086,0,43,-53
2019-04-14,1388,5642,1087,576,1393,1568,6057,0,45,-415
2019-04-14,1348,6418,1394,579,1398,1906,6974,303,44,-556
2019-04-14,1380,6678,1752,589,1395,2098,7269,12,44,-591
